2026-05-27 15:02:29,499 - INFO - Smart Monitor Platform started
2026-05-27 15:02:29,499 - INFO - Flask server is starting
2026-05-27 15:02:29,545 - INFO - [31m[1mWARNING: This is a development server. Do not use it in a production deployment. Use a production WSGI server instead.[0m
 * Running on http://127.0.0.1:5000
2026-05-27 15:02:29,545 - INFO - [33mPress CTRL+C to quit[0m
2026-05-27 15:02:35,411 - INFO - 127.0.0.1 - - [27/May/2026 15:02:35] "GET / HTTP/1.1" 200 -
2026-05-27 15:02:35,691 - INFO - Metrics API endpoint called
2026-05-27 15:02:35,786 - INFO - 127.0.0.1 - - [27/May/2026 15:02:35] "[33mGET /favicon.ico HTTP/1.1[0m" 404 -
2026-05-27 15:02:37,138 - WARNING - {'type': 'RAM', 'severity': 'critical', 'message': 'server-2 - HIGH RAM USAGE: 86.0%'}
2026-05-27 15:02:37,138 - WARNING - {'type': 'RAM', 'severity': 'critical', 'message': 'server-3 - HIGH RAM USAGE: 86.7%'}
2026-05-27 15:02:57,709 - INFO - Metrics API endpoint called
2026-05-27 15:02:58,496 - INFO - 127.0.0.1 - - [27/May/2026 15:02:58] "GET /api/metrics HTTP/1.1" 200 -
2026-05-27 15:02:58,570 - INFO - Metrics API endpoint called
2026-05-27 15:02:59,399 - WARNING - {'type': 'RAM', 'severity': 'critical', 'message': 'server-1 - HIGH RAM USAGE: 89.5%'}
2026-05-27 15:02:59,421 - WARNING - {'type': 'RAM', 'severity': 'critical', 'message': 'server-2 - HIGH RAM USAGE: 87.7%'}
2026-05-27 15:02:59,437 - WARNING - {'type': 'RAM', 'severity': 'critical', 'message': 'server-3 - HIGH RAM USAGE: 85.2%'}
2026-05-27 15:03:00,234 - WARNING - {'type': 'RAM', 'severity': 'critical', 'message': 'server-1 - HIGH RAM USAGE: 87.9%'}
2026-05-27 15:03:00,234 - WARNING - {'type': 'RAM', 'severity': 'critical', 'message': 'server-2 - HIGH RAM USAGE: 88.1%'}
2026-05-27 15:03:00,234 - WARNING - {'type': 'RAM', 'severity': 'critical', 'message': 'server-3 - HIGH RAM USAGE: 88.0%'}
2026-05-27 15:03:01,715 - INFO - Metrics API endpoint called
2026-05-27 15:03:03,180 - WARNING - {'type': 'RAM', 'severity': 'critical', 'message': 'server-1 - HIGH RAM USAGE: 87.6%'}
2026-05-27 15:03:03,180 - WARNING - {'type': 'RAM', 'severity': 'critical', 'message': 'server-2 - HIGH RAM USAGE: 87.1%'}
2026-05-27 15:03:03,180 - WARNING - {'type': 'RAM', 'severity': 'critical', 'message': 'server-3 - HIGH RAM USAGE: 89.2%'}
2026-05-27 15:03:03,698 - INFO - Metrics API endpoint called
2026-05-27 15:03:05,409 - WARNING - {'type': 'RAM', 'severity': 'critical', 'message': 'server-1 - HIGH RAM USAGE: 86.5%'}
2026-05-27 15:03:05,410 - WARNING - {'type': 'RAM', 'severity': 'critical', 'message': 'server-3 - HIGH RAM USAGE: 88.7%'}
2026-05-27 15:03:05,700 - INFO - Metrics API endpoint called
2026-05-27 15:03:07,124 - WARNING - {'type': 'RAM', 'severity': 'critical', 'message': 'server-1 - HIGH RAM USAGE: 87.1%'}
2026-05-27 15:03:07,124 - WARNING - {'type': 'RAM', 'severity': 'critical', 'message': 'server-2 - HIGH RAM USAGE: 90.9%'}
2026-05-27 15:03:07,124 - WARNING - {'type': 'RAM', 'severity': 'critical', 'message': 'server-3 - HIGH RAM USAGE: 85.9%'}
2026-05-27 15:03:07,703 - INFO - Metrics API endpoint called
2026-05-27 15:03:09,018 - WARNING - {'type': 'RAM', 'severity': 'critical', 'message': 'server-1 - HIGH RAM USAGE: 86.6%'}
2026-05-27 15:03:09,018 - WARNING - {'type': 'RAM', 'severity': 'critical', 'message': 'server-2 - HIGH RAM USAGE: 86.5%'}
2026-05-27 15:03:09,018 - WARNING - {'type': 'RAM', 'severity': 'critical', 'message': 'server-3 - HIGH RAM USAGE: 85.2%'}
2026-05-27 15:03:21,014 - INFO - 127.0.0.1 - - [27/May/2026 15:03:21] "GET /api/metrics HTTP/1.1" 200 -
2026-05-27 15:03:21,017 - INFO - Metrics API endpoint called
2026-05-27 15:03:21,423 - INFO - 127.0.0.1 - - [27/May/2026 15:03:21] "GET /api/metrics HTTP/1.1" 200 -
2026-05-27 15:03:21,522 - INFO - Metrics API endpoint called
2026-05-27 15:03:23,116 - WARNING - {'type': 'RAM', 'severity': 'critical', 'message': 'server-1 - HIGH RAM USAGE: 85.1%'}
2026-05-27 15:03:23,126 - WARNING - {'type': 'RAM', 'severity': 'critical', 'message': 'server-3 - HIGH RAM USAGE: 86.2%'}
2026-05-27 15:03:23,615 - WARNING - {'type': 'RAM', 'severity': 'critical', 'message': 'server-1 - HIGH RAM USAGE: 85.4%'}
2026-05-27 15:03:23,615 - WARNING - {'type': 'RAM', 'severity': 'critical', 'message': 'server-2 - HIGH RAM USAGE: 90.6%'}
2026-05-27 15:03:23,615 - WARNING - {'type': 'RAM', 'severity': 'critical', 'message': 'server-3 - HIGH RAM USAGE: 85.7%'}
2026-05-27 15:03:24,287 - INFO - 127.0.0.1 - - [27/May/2026 15:03:24] "GET /api/metrics HTTP/1.1" 200 -
2026-05-27 15:03:24,290 - INFO - Metrics API endpoint called
2026-05-27 15:03:25,679 - WARNING - {'type': 'RAM', 'severity': 'critical', 'message': 'server-1 - HIGH RAM USAGE: 86.9%'}
2026-05-27 15:03:25,679 - WARNING - {'type': 'RAM', 'severity': 'critical', 'message': 'server-2 - HIGH RAM USAGE: 86.1%'}
2026-05-27 15:03:25,679 - WARNING - {'type': 'RAM', 'severity': 'critical', 'message': 'server-3 - HIGH RAM USAGE: 85.7%'}
2026-05-27 15:03:26,541 - INFO - 127.0.0.1 - - [27/May/2026 15:03:26] "GET /api/metrics HTTP/1.1" 200 -
2026-05-27 15:03:26,544 - INFO - Metrics API endpoint called
2026-05-27 15:03:27,781 - WARNING - {'type': 'RAM', 'severity': 'critical', 'message': 'server-1 - HIGH RAM USAGE: 87.0%'}
2026-05-27 15:03:27,781 - WARNING - {'type': 'RAM', 'severity': 'critical', 'message': 'server-2 - HIGH RAM USAGE: 88.4%'}
2026-05-27 15:03:27,781 - WARNING - {'type': 'RAM', 'severity': 'critical', 'message': 'server-3 - HIGH RAM USAGE: 87.4%'}
2026-05-27 15:03:28,241 - INFO - 127.0.0.1 - - [27/May/2026 15:03:28] "GET /api/metrics HTTP/1.1" 200 -
2026-05-27 15:03:28,243 - INFO - Metrics API endpoint called
2026-05-27 15:03:29,594 - WARNING - {'type': 'RAM', 'severity': 'critical', 'message': 'server-1 - HIGH RAM USAGE: 87.1%'}
2026-05-27 15:03:29,595 - WARNING - {'type': 'RAM', 'severity': 'critical', 'message': 'server-2 - HIGH RAM USAGE: 86.0%'}
2026-05-27 15:03:29,595 - WARNING - {'type': 'RAM', 'severity': 'critical', 'message': 'server-3 - HIGH RAM USAGE: 85.1%'}
2026-05-27 15:03:30,233 - INFO - 127.0.0.1 - - [27/May/2026 15:03:30] "GET /api/metrics HTTP/1.1" 200 -
2026-05-27 15:03:30,236 - INFO - Metrics API endpoint called
2026-05-27 15:03:31,541 - WARNING - {'type': 'RAM', 'severity': 'critical', 'message': 'server-1 - HIGH RAM USAGE: 90.9%'}
2026-05-27 15:03:31,541 - WARNING - {'type': 'RAM', 'severity': 'critical', 'message': 'server-2 - HIGH RAM USAGE: 88.9%'}
2026-05-27 15:03:31,541 - WARNING - {'type': 'RAM', 'severity': 'critical', 'message': 'server-3 - HIGH RAM USAGE: 90.1%'}
2026-05-27 15:03:44,558 - INFO - 127.0.0.1 - - [27/May/2026 15:03:44] "GET /api/metrics HTTP/1.1" 200 -
2026-05-27 15:03:44,561 - INFO - Metrics API endpoint called
2026-05-27 15:03:44,779 - INFO - 127.0.0.1 - - [27/May/2026 15:03:44] "GET /api/metrics HTTP/1.1" 200 -
2026-05-27 15:03:44,871 - INFO - Metrics API endpoint called
2026-05-27 15:03:46,889 - INFO - 127.0.0.1 - - [27/May/2026 15:03:46] "GET /api/metrics HTTP/1.1" 200 -
2026-05-27 15:03:47,069 - INFO - Metrics API endpoint called
2026-05-27 15:03:47,070 - WARNING - {'type': 'RAM', 'severity': 'critical', 'message': 'server-1 - HIGH RAM USAGE: 90.6%'}
2026-05-27 15:03:47,110 - WARNING - {'type': 'RAM', 'severity': 'critical', 'message': 'server-2 - HIGH RAM USAGE: 86.1%'}
2026-05-27 15:03:47,125 - WARNING - {'type': 'RAM', 'severity': 'critical', 'message': 'server-3 - HIGH RAM USAGE: 89.9%'}
2026-05-27 15:03:47,657 - WARNING - {'type': 'RAM', 'severity': 'critical', 'message': 'server-1 - HIGH RAM USAGE: 86.7%'}
2026-05-27 15:03:47,679 - WARNING - {'type': 'RAM', 'severity': 'critical', 'message': 'server-2 - HIGH RAM USAGE: 88.9%'}
2026-05-27 15:03:47,688 - WARNING - {'type': 'RAM', 'severity': 'critical', 'message': 'server-3 - HIGH RAM USAGE: 88.7%'}
2026-05-27 15:03:48,726 - WARNING - {'type': 'RAM', 'severity': 'critical', 'message': 'server-1 - HIGH RAM USAGE: 86.2%'}
2026-05-27 15:03:48,727 - WARNING - {'type': 'RAM', 'severity': 'critical', 'message': 'server-2 - HIGH RAM USAGE: 86.0%'}
2026-05-27 15:03:48,727 - WARNING - {'type': 'RAM', 'severity': 'critical', 'message': 'server-3 - HIGH RAM USAGE: 85.5%'}
2026-05-27 15:03:48,895 - INFO - 127.0.0.1 - - [27/May/2026 15:03:48] "GET /api/metrics HTTP/1.1" 200 -
2026-05-27 15:03:48,898 - INFO - Metrics API endpoint called
2026-05-27 15:03:50,324 - WARNING - {'type': 'RAM', 'severity': 'critical', 'message': 'server-1 - HIGH RAM USAGE: 85.4%'}
2026-05-27 15:03:50,324 - WARNING - {'type': 'RAM', 'severity': 'critical', 'message': 'server-2 - HIGH RAM USAGE: 86.2%'}
2026-05-27 15:03:50,324 - WARNING - {'type': 'RAM', 'severity': 'critical', 'message': 'server-3 - HIGH RAM USAGE: 90.3%'}
2026-05-27 15:03:50,747 - INFO - 127.0.0.1 - - [27/May/2026 15:03:50] "GET /api/metrics HTTP/1.1" 200 -
2026-05-27 15:03:50,751 - INFO - Metrics API endpoint called
2026-05-27 15:03:52,165 - WARNING - {'type': 'RAM', 'severity': 'critical', 'message': 'server-1 - HIGH RAM USAGE: 88.4%'}
2026-05-27 15:03:52,165 - WARNING - {'type': 'RAM', 'severity': 'critical', 'message': 'server-2 - HIGH RAM USAGE: 87.7%'}
2026-05-27 15:03:52,165 - WARNING - {'type': 'RAM', 'severity': 'critical', 'message': 'server-3 - HIGH RAM USAGE: 88.8%'}
2026-05-27 15:03:52,658 - INFO - 127.0.0.1 - - [27/May/2026 15:03:52] "GET /api/metrics HTTP/1.1" 200 -
2026-05-27 15:03:52,662 - INFO - Metrics API endpoint called
2026-05-27 15:03:53,975 - WARNING - {'type': 'RAM', 'severity': 'critical', 'message': 'server-1 - HIGH RAM USAGE: 87.1%'}
2026-05-27 15:03:53,975 - WARNING - {'type': 'RAM', 'severity': 'critical', 'message': 'server-2 - HIGH RAM USAGE: 86.9%'}
2026-05-27 15:03:53,975 - WARNING - {'type': 'RAM', 'severity': 'critical', 'message': 'server-3 - HIGH RAM USAGE: 86.3%'}
2026-05-27 15:04:08,780 - INFO - 127.0.0.1 - - [27/May/2026 15:04:08] "GET /api/metrics HTTP/1.1" 200 -
2026-05-27 15:04:08,783 - INFO - Metrics API endpoint called
2026-05-27 15:04:09,172 - INFO - 127.0.0.1 - - [27/May/2026 15:04:09] "GET /api/metrics HTTP/1.1" 200 -
2026-05-27 15:04:09,269 - INFO - Metrics API endpoint called
2026-05-27 15:04:09,935 - INFO - 127.0.0.1 - - [27/May/2026 15:04:09] "GET /api/metrics HTTP/1.1" 200 -
2026-05-27 15:04:10,049 - INFO - Metrics API endpoint called
2026-05-27 15:04:11,400 - WARNING - {'type': 'RAM', 'severity': 'critical', 'message': 'server-1 - HIGH RAM USAGE: 89.4%'}
2026-05-27 15:04:11,415 - WARNING - {'type': 'RAM', 'severity': 'critical', 'message': 'server-2 - HIGH RAM USAGE: 89.4%'}
2026-05-27 15:04:11,430 - WARNING - {'type': 'RAM', 'severity': 'critical', 'message': 'server-3 - HIGH RAM USAGE: 86.7%'}
2026-05-27 15:04:11,540 - INFO - 127.0.0.1 - - [27/May/2026 15:04:11] "GET /api/metrics HTTP/1.1" 200 -
2026-05-27 15:04:11,648 - INFO - Metrics API endpoint called
2026-05-27 15:04:12,892 - WARNING - {'type': 'RAM', 'severity': 'critical', 'message': 'server-1 - HIGH RAM USAGE: 88.9%'}
2026-05-27 15:04:12,903 - WARNING - {'type': 'RAM', 'severity': 'critical', 'message': 'server-2 - HIGH RAM USAGE: 88.4%'}
2026-05-27 15:04:12,919 - WARNING - {'type': 'RAM', 'severity': 'critical', 'message': 'server-3 - HIGH RAM USAGE: 87.2%'}
2026-05-27 15:04:13,294 - WARNING - {'type': 'RAM', 'severity': 'critical', 'message': 'server-1 - HIGH RAM USAGE: 90.7%'}
2026-05-27 15:04:13,294 - WARNING - {'type': 'RAM', 'severity': 'critical', 'message': 'server-2 - HIGH RAM USAGE: 88.4%'}
2026-05-27 15:04:13,294 - WARNING - {'type': 'RAM', 'severity': 'critical', 'message': 'server-3 - HIGH RAM USAGE: 86.5%'}
2026-05-27 15:04:13,357 - INFO - 127.0.0.1 - - [27/May/2026 15:04:13] "GET /api/metrics HTTP/1.1" 200 -
2026-05-27 15:04:13,476 - INFO - Metrics API endpoint called
2026-05-27 15:04:14,555 - WARNING - {'type': 'RAM', 'severity': 'critical', 'message': 'server-1 - HIGH RAM USAGE: 86.6%'}
2026-05-27 15:04:14,565 - WARNING - {'type': 'RAM', 'severity': 'critical', 'message': 'server-2 - HIGH RAM USAGE: 86.9%'}
2026-05-27 15:04:14,585 - WARNING - {'type': 'RAM', 'severity': 'critical', 'message': 'server-3 - HIGH RAM USAGE: 86.4%'}
2026-05-27 15:04:15,159 - INFO - 127.0.0.1 - - [27/May/2026 15:04:15] "GET /api/metrics HTTP/1.1" 200 -
2026-05-27 15:04:15,264 - INFO - Metrics API endpoint called
2026-05-27 15:04:15,311 - WARNING - {'type': 'RAM', 'severity': 'critical', 'message': 'server-1 - HIGH RAM USAGE: 89.6%'}
2026-05-27 15:04:15,332 - WARNING - {'type': 'RAM', 'severity': 'critical', 'message': 'server-2 - HIGH RAM USAGE: 89.3%'}
2026-05-27 15:04:15,346 - WARNING - {'type': 'RAM', 'severity': 'critical', 'message': 'server-3 - HIGH RAM USAGE: 90.9%'}
2026-05-27 15:04:16,683 - WARNING - {'type': 'RAM', 'severity': 'critical', 'message': 'server-1 - HIGH RAM USAGE: 87.7%'}
2026-05-27 15:04:16,683 - WARNING - {'type': 'RAM', 'severity': 'critical', 'message': 'server-2 - HIGH RAM USAGE: 90.6%'}
2026-05-27 15:04:16,683 - WARNING - {'type': 'RAM', 'severity': 'critical', 'message': 'server-3 - HIGH RAM USAGE: 88.5%'}
2026-05-27 15:04:33,808 - INFO - 127.0.0.1 - - [27/May/2026 15:04:33] "GET /api/metrics HTTP/1.1" 200 -
2026-05-27 15:04:33,811 - INFO - Metrics API endpoint called
2026-05-27 15:04:34,579 - INFO - 127.0.0.1 - - [27/May/2026 15:04:34] "GET /api/metrics HTTP/1.1" 200 -
2026-05-27 15:04:34,675 - INFO - Metrics API endpoint called
2026-05-27 15:04:34,850 - INFO - 127.0.0.1 - - [27/May/2026 15:04:34] "GET /api/metrics HTTP/1.1" 200 -
2026-05-27 15:04:35,017 - INFO - Metrics API endpoint called
2026-05-27 15:04:35,809 - WARNING - {'type': 'RAM', 'severity': 'critical', 'message': 'server-1 - HIGH RAM USAGE: 89.9%'}
2026-05-27 15:04:35,827 - WARNING - {'type': 'RAM', 'severity': 'critical', 'message': 'server-2 - HIGH RAM USAGE: 87.9%'}
2026-05-27 15:04:35,845 - WARNING - {'type': 'RAM', 'severity': 'critical', 'message': 'server-3 - HIGH RAM USAGE: 88.7%'}
2026-05-27 15:04:36,159 - INFO - 127.0.0.1 - - [27/May/2026 15:04:36] "GET /api/metrics HTTP/1.1" 200 -
2026-05-27 15:04:36,380 - INFO - Metrics API endpoint called
2026-05-27 15:04:37,001 - INFO - 127.0.0.1 - - [27/May/2026 15:04:37] "GET /api/metrics HTTP/1.1" 200 -
2026-05-27 15:04:37,250 - INFO - Metrics API endpoint called
2026-05-27 15:04:38,563 - INFO - 127.0.0.1 - - [27/May/2026 15:04:38] "GET /api/metrics HTTP/1.1" 200 -
2026-05-27 15:04:38,874 - WARNING - {'type': 'RAM', 'severity': 'critical', 'message': 'server-1 - HIGH RAM USAGE: 87.9%'}
2026-05-27 15:04:38,935 - INFO - Metrics API endpoint called
2026-05-27 15:04:39,065 - WARNING - {'type': 'RAM', 'severity': 'critical', 'message': 'server-2 - HIGH RAM USAGE: 90.2%'}
2026-05-27 15:04:39,282 - WARNING - {'type': 'RAM', 'severity': 'critical', 'message': 'server-3 - HIGH RAM USAGE: 87.0%'}
2026-05-27 15:04:39,565 - WARNING - {'type': 'RAM', 'severity': 'critical', 'message': 'server-1 - HIGH RAM USAGE: 90.7%'}
2026-05-27 15:04:39,613 - WARNING - {'type': 'RAM', 'severity': 'critical', 'message': 'server-2 - HIGH RAM USAGE: 89.1%'}
2026-05-27 15:04:39,630 - WARNING - {'type': 'RAM', 'severity': 'critical', 'message': 'server-3 - HIGH RAM USAGE: 90.1%'}
2026-05-27 15:04:41,062 - WARNING - {'type': 'RAM', 'severity': 'critical', 'message': 'server-1 - HIGH RAM USAGE: 88.5%'}
2026-05-27 15:04:41,072 - WARNING - {'type': 'RAM', 'severity': 'critical', 'message': 'server-2 - HIGH RAM USAGE: 85.7%'}
2026-05-27 15:04:41,089 - WARNING - {'type': 'RAM', 'severity': 'critical', 'message': 'server-3 - HIGH RAM USAGE: 90.1%'}
2026-05-27 15:04:41,980 - WARNING - {'type': 'RAM', 'severity': 'critical', 'message': 'server-1 - HIGH RAM USAGE: 90.5%'}
2026-05-27 15:04:42,008 - WARNING - {'type': 'RAM', 'severity': 'critical', 'message': 'server-2 - HIGH RAM USAGE: 86.0%'}
2026-05-27 15:04:42,018 - WARNING - {'type': 'RAM', 'severity': 'critical', 'message': 'server-3 - HIGH RAM USAGE: 91.0%'}
2026-05-27 15:04:42,344 - WARNING - {'type': 'RAM', 'severity': 'critical', 'message': 'server-1 - HIGH RAM USAGE: 86.8%'}
2026-05-27 15:04:42,344 - WARNING - {'type': 'RAM', 'severity': 'critical', 'message': 'server-2 - HIGH RAM USAGE: 89.8%'}
2026-05-27 15:04:42,345 - WARNING - {'type': 'RAM', 'severity': 'critical', 'message': 'server-3 - HIGH RAM USAGE: 87.1%'}
2026-05-27 15:04:57,781 - INFO - 127.0.0.1 - - [27/May/2026 15:04:57] "GET /api/metrics HTTP/1.1" 200 -
2026-05-27 15:04:57,785 - INFO - Metrics API endpoint called
2026-05-27 15:04:59,142 - WARNING - {'type': 'RAM', 'severity': 'critical', 'message': 'server-1 - HIGH RAM USAGE: 90.9%'}
2026-05-27 15:04:59,142 - WARNING - {'type': 'RAM', 'severity': 'critical', 'message': 'server-2 - HIGH RAM USAGE: 88.3%'}
2026-05-27 15:04:59,142 - WARNING - {'type': 'RAM', 'severity': 'critical', 'message': 'server-3 - HIGH RAM USAGE: 90.1%'}
2026-05-27 15:05:01,464 - INFO - 127.0.0.1 - - [27/May/2026 15:05:01] "GET /api/metrics HTTP/1.1" 200 -
2026-05-27 15:05:01,467 - INFO - Metrics API endpoint called
2026-05-27 15:05:01,577 - INFO - 127.0.0.1 - - [27/May/2026 15:05:01] "GET /api/metrics HTTP/1.1" 200 -
2026-05-27 15:05:01,671 - INFO - Metrics API endpoint called
2026-05-27 15:05:02,827 - INFO - 127.0.0.1 - - [27/May/2026 15:05:02] "GET /api/metrics HTTP/1.1" 200 -
2026-05-27 15:05:02,992 - INFO - Metrics API endpoint called
2026-05-27 15:05:03,556 - INFO - 127.0.0.1 - - [27/May/2026 15:05:03] "GET /api/metrics HTTP/1.1" 200 -
2026-05-27 15:05:03,623 - INFO - 127.0.0.1 - - [27/May/2026 15:05:03] "GET /api/metrics HTTP/1.1" 200 -
2026-05-27 15:05:03,731 - INFO - Metrics API endpoint called
2026-05-27 15:05:03,773 - INFO - Metrics API endpoint called
2026-05-27 15:05:03,897 - WARNING - {'type': 'RAM', 'severity': 'critical', 'message': 'server-1 - HIGH RAM USAGE: 87.9%'}
2026-05-27 15:05:03,897 - WARNING - {'type': 'RAM', 'severity': 'critical', 'message': 'server-2 - HIGH RAM USAGE: 90.5%'}
2026-05-27 15:05:04,947 - WARNING - {'type': 'RAM', 'severity': 'critical', 'message': 'server-1 - HIGH RAM USAGE: 90.5%'}
2026-05-27 15:05:04,978 - WARNING - {'type': 'RAM', 'severity': 'critical', 'message': 'server-2 - HIGH RAM USAGE: 88.4%'}
2026-05-27 15:05:05,029 - WARNING - {'type': 'RAM', 'severity': 'critical', 'message': 'server-3 - HIGH RAM USAGE: 86.9%'}
2026-05-27 15:05:06,864 - WARNING - {'type': 'RAM', 'severity': 'critical', 'message': 'server-1 - HIGH RAM USAGE: 90.1%'}
2026-05-27 15:05:06,912 - WARNING - {'type': 'RAM', 'severity': 'critical', 'message': 'server-2 - HIGH RAM USAGE: 86.2%'}
2026-05-27 15:05:06,956 - WARNING - {'type': 'RAM', 'severity': 'critical', 'message': 'server-3 - HIGH RAM USAGE: 86.1%'}
2026-05-27 15:05:07,484 - WARNING - {'type': 'RAM', 'severity': 'critical', 'message': 'server-1 - HIGH RAM USAGE: 90.7%'}
2026-05-27 15:05:07,518 - WARNING - {'type': 'RAM', 'severity': 'critical', 'message': 'server-2 - HIGH RAM USAGE: 90.4%'}
2026-05-27 15:05:07,533 - WARNING - {'type': 'RAM', 'severity': 'critical', 'message': 'server-3 - HIGH RAM USAGE: 87.5%'}
2026-05-27 15:05:07,681 - WARNING - {'type': 'RAM', 'severity': 'critical', 'message': 'server-1 - HIGH RAM USAGE: 89.6%'}
2026-05-27 15:05:07,681 - WARNING - {'type': 'RAM', 'severity': 'critical', 'message': 'server-3 - HIGH RAM USAGE: 85.9%'}
2026-05-27 15:05:20,288 - INFO - 127.0.0.1 - - [27/May/2026 15:05:20] "GET /api/metrics HTTP/1.1" 200 -
2026-05-27 15:05:20,291 - INFO - Metrics API endpoint called
2026-05-27 15:05:21,579 - WARNING - {'type': 'RAM', 'severity': 'critical', 'message': 'server-1 - HIGH RAM USAGE: 88.3%'}
2026-05-27 15:05:21,579 - WARNING - {'type': 'RAM', 'severity': 'critical', 'message': 'server-2 - HIGH RAM USAGE: 86.7%'}
2026-05-27 15:05:21,579 - WARNING - {'type': 'RAM', 'severity': 'critical', 'message': 'server-3 - HIGH RAM USAGE: 87.5%'}
2026-05-27 15:05:26,144 - INFO - 127.0.0.1 - - [27/May/2026 15:05:26] "GET /api/metrics HTTP/1.1" 200 -
2026-05-27 15:05:26,148 - INFO - Metrics API endpoint called
2026-05-27 15:05:27,222 - INFO - 127.0.0.1 - - [27/May/2026 15:05:27] "GET /api/metrics HTTP/1.1" 200 -
2026-05-27 15:05:27,315 - INFO - Metrics API endpoint called
2026-05-27 15:05:27,747 - WARNING - {'type': 'RAM', 'severity': 'critical', 'message': 'server-1 - HIGH RAM USAGE: 85.3%'}
2026-05-27 15:05:27,767 - WARNING - {'type': 'RAM', 'severity': 'critical', 'message': 'server-2 - HIGH RAM USAGE: 88.3%'}
2026-05-27 15:05:27,784 - WARNING - {'type': 'RAM', 'severity': 'critical', 'message': 'server-3 - HIGH RAM USAGE: 87.4%'}
2026-05-27 15:05:28,683 - INFO - 127.0.0.1 - - [27/May/2026 15:05:28] "GET /api/metrics HTTP/1.1" 200 -
2026-05-27 15:05:28,719 - WARNING - {'type': 'RAM', 'severity': 'critical', 'message': 'server-1 - HIGH RAM USAGE: 86.9%'}
2026-05-27 15:05:28,720 - WARNING - {'type': 'RAM', 'severity': 'critical', 'message': 'server-2 - HIGH RAM USAGE: 88.4%'}
2026-05-27 15:05:28,720 - WARNING - {'type': 'RAM', 'severity': 'critical', 'message': 'server-3 - HIGH RAM USAGE: 88.1%'}
2026-05-27 15:05:28,721 - INFO - Metrics API endpoint called
2026-05-27 15:05:28,898 - INFO - 127.0.0.1 - - [27/May/2026 15:05:28] "GET /api/metrics HTTP/1.1" 200 -
2026-05-27 15:05:28,932 - INFO - 127.0.0.1 - - [27/May/2026 15:05:28] "GET /api/metrics HTTP/1.1" 200 -
2026-05-27 15:05:29,007 - INFO - Metrics API endpoint called
2026-05-27 15:05:29,065 - INFO - Metrics API endpoint called
2026-05-27 15:05:31,741 - WARNING - {'type': 'RAM', 'severity': 'critical', 'message': 'server-1 - HIGH RAM USAGE: 87.1%'}
2026-05-27 15:05:31,818 - WARNING - {'type': 'RAM', 'severity': 'critical', 'message': 'server-2 - HIGH RAM USAGE: 87.1%'}
2026-05-27 15:05:31,849 - WARNING - {'type': 'RAM', 'severity': 'critical', 'message': 'server-3 - HIGH RAM USAGE: 85.5%'}
2026-05-27 15:05:32,288 - WARNING - {'type': 'RAM', 'severity': 'critical', 'message': 'server-1 - HIGH RAM USAGE: 86.6%'}
2026-05-27 15:05:32,301 - WARNING - {'type': 'RAM', 'severity': 'critical', 'message': 'server-2 - HIGH RAM USAGE: 85.3%'}
2026-05-27 15:05:32,315 - WARNING - {'type': 'RAM', 'severity': 'critical', 'message': 'server-3 - HIGH RAM USAGE: 88.7%'}
2026-05-27 15:05:32,376 - WARNING - {'type': 'CPU', 'severity': 'critical', 'message': 'server-1 - HIGH CPU USAGE: 100.0%'}
2026-05-27 15:05:32,377 - WARNING - {'type': 'RAM', 'severity': 'critical', 'message': 'server-1 - HIGH RAM USAGE: 85.6%'}
2026-05-27 15:05:32,377 - WARNING - {'type': 'RAM', 'severity': 'critical', 'message': 'server-3 - HIGH RAM USAGE: 89.1%'}
2026-05-27 15:05:42,686 - INFO - 127.0.0.1 - - [27/May/2026 15:05:42] "GET /api/metrics HTTP/1.1" 200 -
2026-05-27 15:05:42,689 - INFO - Metrics API endpoint called
2026-05-27 15:05:44,056 - WARNING - {'type': 'RAM', 'severity': 'critical', 'message': 'server-1 - HIGH RAM USAGE: 86.6%'}
2026-05-27 15:05:44,056 - WARNING - {'type': 'RAM', 'severity': 'critical', 'message': 'server-2 - HIGH RAM USAGE: 90.6%'}
2026-05-27 15:05:44,056 - WARNING - {'type': 'RAM', 'severity': 'critical', 'message': 'server-3 - HIGH RAM USAGE: 89.3%'}
2026-05-27 15:05:49,291 - INFO - 127.0.0.1 - - [27/May/2026 15:05:49] "GET /api/metrics HTTP/1.1" 200 -
2026-05-27 15:05:49,295 - INFO - Metrics API endpoint called
2026-05-27 15:05:50,232 - INFO - 127.0.0.1 - - [27/May/2026 15:05:50] "GET /api/metrics HTTP/1.1" 200 -
2026-05-27 15:05:50,321 - INFO - Metrics API endpoint called
2026-05-27 15:05:50,929 - WARNING - {'type': 'RAM', 'severity': 'critical', 'message': 'server-1 - HIGH RAM USAGE: 90.0%'}
2026-05-27 15:05:50,950 - WARNING - {'type': 'RAM', 'severity': 'critical', 'message': 'server-2 - HIGH RAM USAGE: 88.5%'}
2026-05-27 15:05:50,965 - WARNING - {'type': 'RAM', 'severity': 'critical', 'message': 'server-3 - HIGH RAM USAGE: 90.8%'}
2026-05-27 15:05:52,007 - WARNING - {'type': 'RAM', 'severity': 'critical', 'message': 'server-1 - HIGH RAM USAGE: 89.1%'}
2026-05-27 15:05:52,007 - WARNING - {'type': 'RAM', 'severity': 'critical', 'message': 'server-2 - HIGH RAM USAGE: 86.9%'}
2026-05-27 15:05:52,007 - WARNING - {'type': 'RAM', 'severity': 'critical', 'message': 'server-3 - HIGH RAM USAGE: 87.3%'}
2026-05-27 15:05:53,421 - INFO - 127.0.0.1 - - [27/May/2026 15:05:53] "GET /api/metrics HTTP/1.1" 200 -
2026-05-27 15:05:53,424 - INFO - Metrics API endpoint called
2026-05-27 15:05:53,522 - INFO - 127.0.0.1 - - [27/May/2026 15:05:53] "GET /api/metrics HTTP/1.1" 200 -
2026-05-27 15:05:53,543 - INFO - 127.0.0.1 - - [27/May/2026 15:05:53] "GET /api/metrics HTTP/1.1" 200 -
2026-05-27 15:05:53,643 - INFO - Metrics API endpoint called
2026-05-27 15:05:53,675 - INFO - Metrics API endpoint called
2026-05-27 15:05:56,618 - WARNING - {'type': 'RAM', 'severity': 'critical', 'message': 'server-1 - HIGH RAM USAGE: 87.0%'}
2026-05-27 15:05:56,695 - WARNING - {'type': 'RAM', 'severity': 'critical', 'message': 'server-2 - HIGH RAM USAGE: 86.3%'}
2026-05-27 15:05:56,727 - WARNING - {'type': 'RAM', 'severity': 'critical', 'message': 'server-3 - HIGH RAM USAGE: 87.2%'}
2026-05-27 15:05:56,855 - WARNING - {'type': 'RAM', 'severity': 'critical', 'message': 'server-1 - HIGH RAM USAGE: 91.0%'}
2026-05-27 15:05:56,869 - WARNING - {'type': 'RAM', 'severity': 'critical', 'message': 'server-2 - HIGH RAM USAGE: 87.1%'}
2026-05-27 15:05:56,885 - WARNING - {'type': 'RAM', 'severity': 'critical', 'message': 'server-3 - HIGH RAM USAGE: 88.4%'}
2026-05-27 15:05:56,999 - WARNING - {'type': 'RAM', 'severity': 'critical', 'message': 'server-1 - HIGH RAM USAGE: 86.6%'}
2026-05-27 15:05:56,999 - WARNING - {'type': 'RAM', 'severity': 'critical', 'message': 'server-2 - HIGH RAM USAGE: 90.1%'}
2026-05-27 15:05:56,999 - WARNING - {'type': 'RAM', 'severity': 'critical', 'message': 'server-3 - HIGH RAM USAGE: 89.4%'}
2026-05-27 15:08:42,018 | INFO | system | Smart Monitor Platform started
2026-05-27 15:08:42,019 | INFO | system | Flask server is starting
2026-05-27 15:08:53,761 | INFO | system | Metrics API endpoint called
2026-05-27 15:08:55,110 | WARNING | system | server-1 - HIGH RAM USAGE: 88.4%
2026-05-27 15:08:55,111 | WARNING | system | server-2 - HIGH RAM USAGE: 90.6%
2026-05-27 15:08:55,112 | WARNING | system | server-3 - HIGH RAM USAGE: 89.1%
2026-05-27 15:08:55,771 | INFO | system | Metrics API endpoint called
2026-05-27 15:08:57,101 | WARNING | system | server-1 - HIGH RAM USAGE: 88.5%
2026-05-27 15:08:57,102 | WARNING | system | server-2 - HIGH RAM USAGE: 91.6%
2026-05-27 15:08:57,102 | WARNING | system | server-3 - HIGH RAM USAGE: 93.2%
2026-05-27 15:08:57,770 | INFO | system | Metrics API endpoint called
2026-05-27 15:08:59,018 | WARNING | system | server-1 - HIGH RAM USAGE: 90.5%
2026-05-27 15:08:59,018 | WARNING | system | server-2 - HIGH RAM USAGE: 91.2%
2026-05-27 15:08:59,019 | WARNING | system | server-3 - HIGH RAM USAGE: 92.2%
2026-05-27 15:08:59,771 | INFO | system | Metrics API endpoint called
2026-05-27 15:09:01,211 | WARNING | system | server-1 - HIGH RAM USAGE: 88.7%
2026-05-27 15:09:01,212 | WARNING | system | server-2 - HIGH RAM USAGE: 87.6%
2026-05-27 15:09:01,213 | WARNING | system | server-3 - HIGH RAM USAGE: 91.3%
2026-05-27 15:09:02,206 | INFO | system | Metrics API endpoint called
2026-05-27 15:09:03,566 | WARNING | system | server-1 - HIGH RAM USAGE: 92.6%
2026-05-27 15:09:03,566 | WARNING | system | server-2 - HIGH RAM USAGE: 92.6%
2026-05-27 15:09:03,567 | WARNING | system | server-3 - HIGH RAM USAGE: 87.4%
2026-05-27 15:09:04,192 | INFO | system | Metrics API endpoint called
2026-05-27 15:09:05,412 | WARNING | system | server-1 - HIGH RAM USAGE: 92.4%
2026-05-27 15:09:05,413 | WARNING | system | server-2 - HIGH RAM USAGE: 93.0%
2026-05-27 15:09:05,413 | WARNING | system | server-3 - HIGH RAM USAGE: 88.2%
2026-05-27 15:09:06,196 | INFO | system | Metrics API endpoint called
2026-05-27 15:09:07,536 | WARNING | system | server-1 - HIGH RAM USAGE: 90.5%
2026-05-27 15:09:07,537 | WARNING | system | server-2 - HIGH RAM USAGE: 88.3%
2026-05-27 15:09:07,538 | WARNING | system | server-3 - HIGH RAM USAGE: 92.9%
2026-05-27 15:09:08,204 | INFO | system | Metrics API endpoint called
2026-05-27 15:09:09,532 | WARNING | system | server-1 - HIGH RAM USAGE: 92.0%
2026-05-27 15:09:09,532 | WARNING | system | server-2 - HIGH RAM USAGE: 88.8%
2026-05-27 15:09:09,533 | WARNING | system | server-3 - HIGH RAM USAGE: 87.4%
2026-05-27 15:09:10,206 | INFO | system | Metrics API endpoint called
2026-05-27 15:09:11,483 | WARNING | system | server-1 - HIGH RAM USAGE: 89.7%
2026-05-27 15:09:11,484 | WARNING | system | server-2 - HIGH RAM USAGE: 87.6%
2026-05-27 15:09:11,485 | WARNING | system | server-3 - HIGH RAM USAGE: 87.5%
2026-05-27 15:09:12,199 | INFO | system | Metrics API endpoint called
2026-05-27 15:09:13,436 | WARNING | system | server-1 - HIGH RAM USAGE: 90.0%
2026-05-27 15:09:13,436 | WARNING | system | server-2 - HIGH RAM USAGE: 89.2%
2026-05-27 15:09:13,437 | WARNING | system | server-3 - HIGH RAM USAGE: 92.0%
2026-05-27 15:09:14,205 | INFO | system | Metrics API endpoint called
2026-05-27 15:09:15,527 | WARNING | system | server-1 - HIGH RAM USAGE: 90.1%
2026-05-27 15:09:15,527 | WARNING | system | server-2 - HIGH RAM USAGE: 92.2%
2026-05-27 15:09:15,528 | WARNING | system | server-3 - HIGH RAM USAGE: 93.0%
2026-05-27 15:09:16,192 | INFO | system | Metrics API endpoint called
2026-05-27 15:09:17,529 | WARNING | system | server-1 - HIGH RAM USAGE: 90.8%
2026-05-27 15:09:17,529 | WARNING | system | server-2 - HIGH RAM USAGE: 89.8%
2026-05-27 15:09:17,529 | WARNING | system | server-3 - HIGH RAM USAGE: 92.5%
2026-05-27 15:09:18,196 | INFO | system | Metrics API endpoint called
2026-05-27 15:09:19,514 | WARNING | system | server-1 - HIGH RAM USAGE: 88.7%
2026-05-27 15:09:19,514 | WARNING | system | server-2 - HIGH RAM USAGE: 89.0%
2026-05-27 15:09:19,515 | WARNING | system | server-3 - HIGH RAM USAGE: 92.6%
2026-05-27 15:09:20,206 | INFO | system | Metrics API endpoint called
2026-05-27 15:09:21,562 | WARNING | system | server-1 - HIGH RAM USAGE: 90.0%
2026-05-27 15:09:21,563 | WARNING | system | server-2 - HIGH RAM USAGE: 88.6%
2026-05-27 15:09:21,563 | WARNING | system | server-3 - HIGH RAM USAGE: 89.0%
2026-05-27 15:09:22,200 | INFO | system | Metrics API endpoint called
2026-05-27 15:09:23,530 | WARNING | system | server-1 - HIGH RAM USAGE: 90.5%
2026-05-27 15:09:23,530 | WARNING | system | server-2 - HIGH RAM USAGE: 89.1%
2026-05-27 15:09:23,531 | WARNING | system | server-3 - HIGH RAM USAGE: 89.7%
2026-05-27 15:09:24,204 | INFO | system | Metrics API endpoint called
2026-05-27 15:09:25,656 | WARNING | system | server-1 - HIGH RAM USAGE: 88.3%
2026-05-27 15:09:25,656 | WARNING | system | server-2 - HIGH RAM USAGE: 91.4%
2026-05-27 15:09:25,656 | WARNING | system | server-3 - HIGH RAM USAGE: 89.6%
2026-05-27 15:09:26,191 | INFO | system | Metrics API endpoint called
2026-05-27 15:09:27,704 | WARNING | system | server-1 - HIGH RAM USAGE: 92.8%
2026-05-27 15:09:27,704 | WARNING | system | server-2 - HIGH RAM USAGE: 91.2%
2026-05-27 15:09:27,705 | WARNING | system | server-3 - HIGH RAM USAGE: 91.0%
2026-05-27 15:09:28,205 | INFO | system | Metrics API endpoint called
2026-05-27 15:09:29,584 | WARNING | system | server-1 - HIGH RAM USAGE: 92.9%
2026-05-27 15:09:29,585 | WARNING | system | server-2 - HIGH RAM USAGE: 93.1%
2026-05-27 15:09:29,585 | WARNING | system | server-3 - HIGH RAM USAGE: 88.6%
2026-05-27 15:09:30,201 | INFO | system | Metrics API endpoint called
2026-05-27 15:09:31,622 | WARNING | system | server-1 - HIGH RAM USAGE: 91.9%
2026-05-27 15:09:31,622 | WARNING | system | server-2 - HIGH RAM USAGE: 88.1%
2026-05-27 15:09:31,623 | WARNING | system | server-3 - HIGH CPU USAGE: 95.9%
2026-05-27 15:09:31,623 | WARNING | system | server-3 - HIGH RAM USAGE: 88.2%
2026-05-27 15:09:32,195 | INFO | system | Metrics API endpoint called
2026-05-27 15:09:33,660 | WARNING | system | server-1 - HIGH RAM USAGE: 90.0%
2026-05-27 15:09:33,660 | WARNING | system | server-2 - HIGH RAM USAGE: 88.1%
2026-05-27 15:09:33,661 | WARNING | system | server-3 - HIGH RAM USAGE: 91.5%
2026-05-27 15:09:34,206 | INFO | system | Metrics API endpoint called
2026-05-27 15:09:35,606 | WARNING | system | server-1 - HIGH RAM USAGE: 92.4%
2026-05-27 15:09:35,607 | WARNING | system | server-2 - HIGH RAM USAGE: 88.7%
2026-05-27 15:09:35,607 | WARNING | system | server-3 - HIGH RAM USAGE: 91.2%
2026-05-27 15:09:36,194 | INFO | system | Metrics API endpoint called
2026-05-27 15:09:37,676 | WARNING | system | server-1 - HIGH RAM USAGE: 88.4%
2026-05-27 15:09:37,676 | WARNING | system | server-2 - HIGH RAM USAGE: 93.4%
2026-05-27 15:09:37,678 | WARNING | system | server-3 - HIGH RAM USAGE: 91.7%
2026-05-27 15:09:38,198 | INFO | system | Metrics API endpoint called
2026-05-27 15:09:39,610 | WARNING | system | server-1 - HIGH RAM USAGE: 88.8%
2026-05-27 15:09:39,610 | WARNING | system | server-2 - HIGH RAM USAGE: 89.4%
2026-05-27 15:09:39,611 | WARNING | system | server-3 - HIGH RAM USAGE: 89.7%
2026-05-27 15:09:40,201 | INFO | system | Metrics API endpoint called
2026-05-27 15:09:41,597 | WARNING | system | server-1 - HIGH RAM USAGE: 92.1%
2026-05-27 15:09:41,597 | WARNING | system | server-2 - HIGH RAM USAGE: 90.7%
2026-05-27 15:09:41,598 | WARNING | system | server-3 - HIGH CPU USAGE: 98.9%
2026-05-27 15:09:41,598 | WARNING | system | server-3 - HIGH RAM USAGE: 89.1%
2026-05-27 15:09:42,206 | INFO | system | Metrics API endpoint called
2026-05-27 15:09:43,631 | WARNING | system | server-1 - HIGH RAM USAGE: 89.4%
2026-05-27 15:09:43,631 | WARNING | system | server-2 - HIGH RAM USAGE: 93.0%
2026-05-27 15:09:43,632 | WARNING | system | server-3 - HIGH RAM USAGE: 87.9%
2026-05-27 15:09:44,195 | INFO | system | Metrics API endpoint called
2026-05-27 15:09:45,417 | WARNING | system | server-1 - HIGH RAM USAGE: 90.5%
2026-05-27 15:09:45,418 | WARNING | system | server-2 - HIGH RAM USAGE: 88.4%
2026-05-27 15:09:45,419 | WARNING | system | server-3 - HIGH RAM USAGE: 89.0%
2026-05-27 15:09:46,203 | INFO | system | Metrics API endpoint called
2026-05-27 15:09:47,466 | WARNING | system | server-1 - HIGH RAM USAGE: 91.1%
2026-05-27 15:09:47,467 | WARNING | system | server-2 - HIGH RAM USAGE: 89.5%
2026-05-27 15:09:47,468 | WARNING | system | server-3 - HIGH RAM USAGE: 90.8%
2026-05-27 15:09:48,202 | INFO | system | Metrics API endpoint called
2026-05-27 15:09:49,546 | WARNING | system | server-1 - HIGH RAM USAGE: 88.6%
2026-05-27 15:09:49,547 | WARNING | system | server-2 - HIGH RAM USAGE: 89.4%
2026-05-27 15:09:49,548 | WARNING | system | server-3 - HIGH CPU USAGE: 100.0%
2026-05-27 15:09:49,548 | WARNING | system | server-3 - HIGH RAM USAGE: 92.1%
2026-05-27 15:09:50,193 | INFO | system | Metrics API endpoint called
2026-05-27 15:09:51,488 | WARNING | system | server-1 - HIGH RAM USAGE: 91.8%
2026-05-27 15:09:51,489 | WARNING | system | server-2 - HIGH RAM USAGE: 91.4%
2026-05-27 15:09:51,489 | WARNING | system | server-3 - HIGH RAM USAGE: 89.6%
2026-05-27 15:09:52,197 | INFO | system | Metrics API endpoint called
2026-05-27 15:09:53,390 | WARNING | system | server-1 - HIGH RAM USAGE: 91.9%
2026-05-27 15:09:53,390 | WARNING | system | server-2 - HIGH RAM USAGE: 90.5%
2026-05-27 15:09:53,392 | WARNING | system | server-3 - HIGH RAM USAGE: 92.6%
2026-05-27 15:09:54,203 | INFO | system | Metrics API endpoint called
2026-05-27 15:09:55,485 | WARNING | system | server-1 - HIGH RAM USAGE: 91.2%
2026-05-27 15:09:55,486 | WARNING | system | server-2 - HIGH RAM USAGE: 87.4%
2026-05-27 15:09:55,486 | WARNING | system | server-3 - HIGH RAM USAGE: 88.5%
2026-05-27 15:09:56,206 | INFO | system | Metrics API endpoint called
2026-05-27 15:09:57,453 | WARNING | system | server-1 - HIGH RAM USAGE: 87.8%
2026-05-27 15:09:57,453 | WARNING | system | server-2 - HIGH RAM USAGE: 87.4%
2026-05-27 15:09:57,454 | WARNING | system | server-3 - HIGH RAM USAGE: 88.4%
2026-05-27 15:09:58,205 | INFO | system | Metrics API endpoint called
2026-05-27 15:09:59,383 | WARNING | system | server-1 - HIGH RAM USAGE: 91.5%
2026-05-27 15:09:59,383 | WARNING | system | server-2 - HIGH RAM USAGE: 91.2%
2026-05-27 15:09:59,384 | WARNING | system | server-3 - HIGH RAM USAGE: 90.4%
2026-05-27 15:10:00,204 | INFO | system | Metrics API endpoint called
2026-05-27 15:10:01,461 | WARNING | system | server-1 - HIGH RAM USAGE: 90.7%
2026-05-27 15:10:01,461 | WARNING | system | server-2 - HIGH RAM USAGE: 89.3%
2026-05-27 15:10:01,463 | WARNING | system | server-3 - HIGH RAM USAGE: 88.3%
2026-05-27 15:10:02,198 | INFO | system | Metrics API endpoint called
2026-05-27 15:10:03,490 | WARNING | system | server-1 - HIGH RAM USAGE: 90.5%
2026-05-27 15:10:03,490 | WARNING | system | server-2 - HIGH RAM USAGE: 90.7%
2026-05-27 15:10:03,491 | WARNING | system | server-3 - HIGH RAM USAGE: 89.4%
2026-05-27 15:10:04,200 | INFO | system | Metrics API endpoint called
2026-05-27 15:10:05,468 | WARNING | system | server-1 - HIGH RAM USAGE: 88.8%
2026-05-27 15:10:05,469 | WARNING | system | server-2 - HIGH RAM USAGE: 91.7%
2026-05-27 15:10:05,469 | WARNING | system | server-3 - HIGH RAM USAGE: 89.1%
2026-05-27 15:10:06,203 | INFO | system | Metrics API endpoint called
2026-05-27 15:10:07,618 | WARNING | system | server-1 - HIGH RAM USAGE: 90.1%
2026-05-27 15:10:07,619 | WARNING | system | server-2 - HIGH RAM USAGE: 89.4%
2026-05-27 15:10:07,619 | WARNING | system | server-3 - HIGH RAM USAGE: 87.3%
2026-05-27 15:10:08,191 | INFO | system | Metrics API endpoint called
2026-05-27 15:10:09,517 | WARNING | system | server-1 - HIGH RAM USAGE: 91.6%
2026-05-27 15:10:09,517 | WARNING | system | server-2 - HIGH RAM USAGE: 88.2%
2026-05-27 15:10:09,518 | WARNING | system | server-3 - HIGH RAM USAGE: 91.2%
2026-05-27 15:10:10,203 | INFO | system | Metrics API endpoint called
2026-05-27 15:10:11,501 | WARNING | system | server-1 - HIGH RAM USAGE: 93.1%
2026-05-27 15:10:11,501 | WARNING | system | server-2 - HIGH RAM USAGE: 87.4%
2026-05-27 15:10:11,502 | WARNING | system | server-3 - HIGH RAM USAGE: 87.3%
2026-05-27 15:10:12,193 | INFO | system | Metrics API endpoint called
2026-05-27 15:10:13,516 | WARNING | system | server-1 - HIGH RAM USAGE: 88.2%
2026-05-27 15:10:13,516 | WARNING | system | server-2 - HIGH RAM USAGE: 87.2%
2026-05-27 15:10:13,517 | WARNING | system | server-3 - HIGH RAM USAGE: 88.3%
2026-05-27 15:10:14,201 | INFO | system | Metrics API endpoint called
2026-05-27 15:10:15,598 | WARNING | system | server-1 - HIGH RAM USAGE: 88.0%
2026-05-27 15:10:15,599 | WARNING | system | server-2 - HIGH RAM USAGE: 89.7%
2026-05-27 15:10:15,599 | WARNING | system | server-3 - HIGH RAM USAGE: 89.1%
2026-05-27 15:10:16,193 | INFO | system | Metrics API endpoint called
2026-05-27 15:10:17,501 | WARNING | system | server-1 - HIGH RAM USAGE: 90.0%
2026-05-27 15:10:17,502 | WARNING | system | server-2 - HIGH RAM USAGE: 92.7%
2026-05-27 15:10:17,503 | WARNING | system | server-3 - HIGH RAM USAGE: 87.3%
2026-05-27 15:10:18,195 | INFO | system | Metrics API endpoint called
2026-05-27 15:10:19,671 | WARNING | system | server-1 - HIGH RAM USAGE: 90.6%
2026-05-27 15:10:19,671 | WARNING | system | server-2 - HIGH RAM USAGE: 87.9%
2026-05-27 15:10:19,671 | WARNING | system | server-3 - HIGH RAM USAGE: 92.5%
2026-05-27 15:10:20,200 | INFO | system | Metrics API endpoint called
2026-05-27 15:10:21,515 | WARNING | system | server-1 - HIGH RAM USAGE: 89.7%
2026-05-27 15:10:21,515 | WARNING | system | server-2 - HIGH RAM USAGE: 93.1%
2026-05-27 15:10:21,516 | WARNING | system | server-3 - HIGH RAM USAGE: 90.8%
2026-05-27 15:10:22,202 | INFO | system | Metrics API endpoint called
2026-05-27 15:10:23,483 | WARNING | system | server-1 - HIGH RAM USAGE: 89.0%
2026-05-27 15:10:23,484 | WARNING | system | server-2 - HIGH RAM USAGE: 91.9%
2026-05-27 15:10:23,484 | WARNING | system | server-3 - HIGH RAM USAGE: 92.1%
2026-05-27 15:10:24,194 | INFO | system | Metrics API endpoint called
2026-05-27 15:10:25,638 | WARNING | system | server-1 - HIGH RAM USAGE: 90.5%
2026-05-27 15:10:25,638 | WARNING | system | server-2 - HIGH RAM USAGE: 91.8%
2026-05-27 15:10:25,639 | WARNING | system | server-3 - HIGH RAM USAGE: 90.3%
2026-05-27 15:10:26,197 | INFO | system | Metrics API endpoint called
2026-05-27 15:10:27,410 | WARNING | system | server-1 - HIGH RAM USAGE: 92.7%
2026-05-27 15:10:27,410 | WARNING | system | server-2 - HIGH RAM USAGE: 90.9%
2026-05-27 15:10:27,411 | WARNING | system | server-3 - HIGH RAM USAGE: 89.2%
2026-05-27 15:10:28,203 | INFO | system | Metrics API endpoint called
2026-05-27 15:10:29,407 | WARNING | system | server-1 - HIGH RAM USAGE: 87.7%
2026-05-27 15:10:29,408 | WARNING | system | server-2 - HIGH RAM USAGE: 90.3%
2026-05-27 15:10:29,409 | WARNING | system | server-3 - HIGH RAM USAGE: 87.8%
2026-05-27 15:10:30,191 | INFO | system | Metrics API endpoint called
2026-05-27 15:10:31,525 | WARNING | system | server-1 - HIGH RAM USAGE: 91.3%
2026-05-27 15:10:31,526 | WARNING | system | server-2 - HIGH RAM USAGE: 89.0%
2026-05-27 15:10:31,526 | WARNING | system | server-3 - HIGH RAM USAGE: 92.1%
2026-05-27 15:10:32,194 | INFO | system | Metrics API endpoint called
2026-05-27 15:10:33,578 | WARNING | system | server-1 - HIGH RAM USAGE: 87.7%
2026-05-27 15:10:33,579 | WARNING | system | server-2 - HIGH RAM USAGE: 88.5%
2026-05-27 15:10:33,579 | WARNING | system | server-3 - HIGH RAM USAGE: 90.1%
2026-05-27 15:10:34,205 | INFO | system | Metrics API endpoint called
2026-05-27 15:10:35,561 | WARNING | system | server-1 - HIGH RAM USAGE: 89.2%
2026-05-27 15:10:35,562 | WARNING | system | server-2 - HIGH RAM USAGE: 92.7%
2026-05-27 15:10:35,562 | WARNING | system | server-3 - HIGH RAM USAGE: 91.5%
2026-05-27 15:10:36,191 | INFO | system | Metrics API endpoint called
2026-05-27 15:10:37,536 | WARNING | system | server-1 - HIGH RAM USAGE: 88.4%
2026-05-27 15:10:37,537 | WARNING | system | server-2 - HIGH RAM USAGE: 87.8%
2026-05-27 15:10:37,537 | WARNING | system | server-3 - HIGH RAM USAGE: 88.4%
2026-05-27 15:10:38,198 | INFO | system | Metrics API endpoint called
2026-05-27 15:10:39,488 | WARNING | system | server-1 - HIGH RAM USAGE: 87.9%
2026-05-27 15:10:39,488 | WARNING | system | server-2 - HIGH RAM USAGE: 90.6%
2026-05-27 15:10:39,489 | WARNING | system | server-3 - HIGH RAM USAGE: 87.7%
2026-05-27 15:10:40,201 | INFO | system | Metrics API endpoint called
2026-05-27 15:10:41,483 | WARNING | system | server-1 - HIGH RAM USAGE: 91.8%
2026-05-27 15:10:41,484 | WARNING | system | server-2 - HIGH RAM USAGE: 87.6%
2026-05-27 15:10:41,484 | WARNING | system | server-3 - HIGH RAM USAGE: 90.7%
2026-05-27 15:10:42,218 | INFO | system | Metrics API endpoint called
2026-05-27 15:10:43,513 | WARNING | system | server-1 - HIGH RAM USAGE: 89.9%
2026-05-27 15:10:43,513 | WARNING | system | server-2 - HIGH RAM USAGE: 88.7%
2026-05-27 15:10:43,514 | WARNING | system | server-3 - HIGH RAM USAGE: 92.6%
2026-05-27 15:10:44,194 | INFO | system | Metrics API endpoint called
2026-05-27 15:10:45,541 | WARNING | system | server-1 - HIGH RAM USAGE: 91.1%
2026-05-27 15:10:45,541 | WARNING | system | server-2 - HIGH RAM USAGE: 88.8%
2026-05-27 15:10:45,542 | WARNING | system | server-3 - HIGH RAM USAGE: 90.2%
2026-05-27 15:10:46,195 | INFO | system | Metrics API endpoint called
2026-05-27 15:10:47,406 | WARNING | system | server-1 - HIGH RAM USAGE: 90.7%
2026-05-27 15:10:47,407 | WARNING | system | server-2 - HIGH RAM USAGE: 90.8%
2026-05-27 15:10:47,407 | WARNING | system | server-3 - HIGH RAM USAGE: 89.0%
2026-05-27 15:10:48,197 | INFO | system | Metrics API endpoint called
2026-05-27 15:10:49,586 | WARNING | system | server-1 - HIGH RAM USAGE: 89.9%
2026-05-27 15:10:49,587 | WARNING | system | server-2 - HIGH RAM USAGE: 92.9%
2026-05-27 15:10:49,587 | WARNING | system | server-3 - HIGH RAM USAGE: 88.9%
2026-05-27 15:10:50,203 | INFO | system | Metrics API endpoint called
2026-05-27 15:10:51,678 | WARNING | system | server-1 - HIGH RAM USAGE: 91.9%
2026-05-27 15:10:51,678 | WARNING | system | server-2 - HIGH RAM USAGE: 90.8%
2026-05-27 15:10:51,679 | WARNING | system | server-3 - HIGH RAM USAGE: 89.2%
2026-05-27 15:10:52,195 | INFO | system | Metrics API endpoint called
2026-05-27 15:10:53,484 | WARNING | system | server-1 - HIGH RAM USAGE: 90.7%
2026-05-27 15:10:53,484 | WARNING | system | server-2 - HIGH RAM USAGE: 89.3%
2026-05-27 15:10:53,485 | WARNING | system | server-3 - HIGH RAM USAGE: 89.8%
2026-05-27 15:10:54,198 | INFO | system | Metrics API endpoint called
2026-05-27 15:10:55,676 | WARNING | system | server-1 - HIGH RAM USAGE: 90.4%
2026-05-27 15:10:55,676 | WARNING | system | server-2 - HIGH RAM USAGE: 89.6%
2026-05-27 15:10:55,677 | WARNING | system | server-3 - HIGH RAM USAGE: 92.7%
2026-05-27 15:10:56,204 | INFO | system | Metrics API endpoint called
2026-05-27 15:10:57,555 | WARNING | system | server-1 - HIGH RAM USAGE: 89.2%
2026-05-27 15:10:57,556 | WARNING | system | server-2 - HIGH RAM USAGE: 91.0%
2026-05-27 15:10:57,556 | WARNING | system | server-3 - HIGH RAM USAGE: 90.2%
2026-05-27 15:10:58,203 | INFO | system | Metrics API endpoint called
2026-05-27 15:10:59,508 | WARNING | system | server-1 - HIGH RAM USAGE: 88.1%
2026-05-27 15:10:59,509 | WARNING | system | server-2 - HIGH RAM USAGE: 89.6%
2026-05-27 15:10:59,510 | WARNING | system | server-3 - HIGH RAM USAGE: 88.0%
2026-05-27 15:11:00,205 | INFO | system | Metrics API endpoint called
2026-05-27 15:11:01,535 | WARNING | system | server-1 - HIGH RAM USAGE: 90.9%
2026-05-27 15:11:01,536 | WARNING | system | server-2 - HIGH RAM USAGE: 88.1%
2026-05-27 15:11:01,536 | WARNING | system | server-3 - HIGH RAM USAGE: 92.1%
2026-05-27 15:11:02,206 | INFO | system | Metrics API endpoint called
2026-05-27 15:11:03,542 | WARNING | system | server-1 - HIGH RAM USAGE: 93.4%
2026-05-27 15:11:03,543 | WARNING | system | server-2 - HIGH RAM USAGE: 92.7%
2026-05-27 15:11:03,543 | WARNING | system | server-3 - HIGH RAM USAGE: 92.8%
2026-05-27 15:11:04,198 | INFO | system | Metrics API endpoint called
2026-05-27 15:11:05,536 | WARNING | system | server-1 - HIGH RAM USAGE: 90.4%
2026-05-27 15:11:05,537 | WARNING | system | server-2 - HIGH RAM USAGE: 93.5%
2026-05-27 15:11:05,537 | WARNING | system | server-3 - HIGH RAM USAGE: 90.1%
2026-05-27 15:11:06,204 | INFO | system | Metrics API endpoint called
2026-05-27 15:11:07,385 | WARNING | system | server-1 - HIGH RAM USAGE: 87.7%
2026-05-27 15:11:07,385 | WARNING | system | server-2 - HIGH RAM USAGE: 89.5%
2026-05-27 15:11:07,385 | WARNING | system | server-3 - HIGH RAM USAGE: 92.4%
2026-05-27 15:11:08,204 | INFO | system | Metrics API endpoint called
2026-05-27 15:11:09,410 | WARNING | system | server-1 - HIGH RAM USAGE: 93.1%
2026-05-27 15:11:09,411 | WARNING | system | server-2 - HIGH RAM USAGE: 90.5%
2026-05-27 15:11:09,412 | WARNING | system | server-3 - HIGH RAM USAGE: 90.6%
2026-05-27 15:11:10,194 | INFO | system | Metrics API endpoint called
2026-05-27 15:11:11,421 | WARNING | system | server-1 - HIGH RAM USAGE: 92.2%
2026-05-27 15:11:11,422 | WARNING | system | server-2 - HIGH RAM USAGE: 89.0%
2026-05-27 15:11:11,422 | WARNING | system | server-3 - HIGH RAM USAGE: 93.4%
2026-05-27 15:11:12,200 | INFO | system | Metrics API endpoint called
2026-05-27 15:11:13,508 | WARNING | system | server-1 - HIGH RAM USAGE: 89.3%
2026-05-27 15:11:13,509 | WARNING | system | server-2 - HIGH RAM USAGE: 91.4%
2026-05-27 15:11:13,510 | WARNING | system | server-3 - HIGH RAM USAGE: 90.0%
2026-05-27 15:11:14,205 | INFO | system | Metrics API endpoint called
2026-05-27 15:11:15,465 | WARNING | system | server-1 - HIGH RAM USAGE: 91.0%
2026-05-27 15:11:15,466 | WARNING | system | server-2 - HIGH RAM USAGE: 91.0%
2026-05-27 15:11:15,466 | WARNING | system | server-3 - HIGH RAM USAGE: 92.0%
2026-05-27 15:11:16,206 | INFO | system | Metrics API endpoint called
2026-05-27 15:11:17,396 | WARNING | system | server-1 - HIGH RAM USAGE: 89.2%
2026-05-27 15:11:17,397 | WARNING | system | server-2 - HIGH RAM USAGE: 89.6%
2026-05-27 15:11:17,397 | WARNING | system | server-3 - HIGH RAM USAGE: 88.5%
2026-05-27 15:11:18,206 | INFO | system | Metrics API endpoint called
2026-05-27 15:11:19,534 | WARNING | system | server-1 - HIGH RAM USAGE: 92.4%
2026-05-27 15:11:19,534 | WARNING | system | server-2 - HIGH RAM USAGE: 91.0%
2026-05-27 15:11:19,535 | WARNING | system | server-3 - HIGH RAM USAGE: 92.5%
2026-05-27 15:11:20,201 | INFO | system | Metrics API endpoint called
2026-05-27 15:11:21,528 | WARNING | system | server-1 - HIGH RAM USAGE: 92.6%
2026-05-27 15:11:21,529 | WARNING | system | server-2 - HIGH RAM USAGE: 91.8%
2026-05-27 15:11:21,529 | WARNING | system | server-3 - HIGH RAM USAGE: 93.1%
2026-05-27 15:11:22,191 | INFO | system | Metrics API endpoint called
2026-05-27 15:11:23,481 | WARNING | system | server-1 - HIGH RAM USAGE: 90.6%
2026-05-27 15:11:23,482 | WARNING | system | server-2 - HIGH RAM USAGE: 92.9%
2026-05-27 15:11:23,482 | WARNING | system | server-3 - HIGH RAM USAGE: 87.9%
2026-05-27 15:11:24,194 | INFO | system | Metrics API endpoint called
2026-05-27 15:11:25,517 | WARNING | system | server-1 - HIGH RAM USAGE: 88.3%
2026-05-27 15:11:25,518 | WARNING | system | server-2 - HIGH RAM USAGE: 91.8%
2026-05-27 15:11:25,518 | WARNING | system | server-3 - HIGH RAM USAGE: 90.4%
2026-05-27 15:11:26,203 | INFO | system | Metrics API endpoint called
2026-05-27 15:11:27,429 | WARNING | system | server-1 - HIGH RAM USAGE: 90.3%
2026-05-27 15:11:27,430 | WARNING | system | server-2 - HIGH RAM USAGE: 88.8%
2026-05-27 15:11:27,430 | WARNING | system | server-3 - HIGH RAM USAGE: 88.3%
2026-05-27 15:11:28,206 | INFO | system | Metrics API endpoint called
2026-05-27 15:11:29,464 | WARNING | system | server-1 - HIGH RAM USAGE: 92.8%
2026-05-27 15:11:29,464 | WARNING | system | server-2 - HIGH RAM USAGE: 90.2%
2026-05-27 15:11:29,465 | WARNING | system | server-3 - HIGH RAM USAGE: 90.4%
2026-05-27 15:11:30,193 | INFO | system | Metrics API endpoint called
2026-05-27 15:11:31,407 | WARNING | system | server-1 - HIGH RAM USAGE: 90.8%
2026-05-27 15:11:31,407 | WARNING | system | server-2 - HIGH RAM USAGE: 89.4%
2026-05-27 15:11:31,408 | WARNING | system | server-3 - HIGH RAM USAGE: 88.0%
2026-05-27 15:11:32,199 | INFO | system | Metrics API endpoint called
2026-05-27 15:11:33,471 | WARNING | system | server-1 - HIGH RAM USAGE: 88.3%
2026-05-27 15:11:33,472 | WARNING | system | server-2 - HIGH RAM USAGE: 88.3%
2026-05-27 15:11:33,472 | WARNING | system | server-3 - HIGH RAM USAGE: 88.1%
2026-05-27 15:11:34,191 | INFO | system | Metrics API endpoint called
2026-05-27 15:11:35,455 | WARNING | system | server-1 - HIGH RAM USAGE: 90.6%
2026-05-27 15:11:35,455 | WARNING | system | server-2 - HIGH RAM USAGE: 92.1%
2026-05-27 15:11:35,456 | WARNING | system | server-3 - HIGH RAM USAGE: 92.1%
2026-05-27 15:11:36,190 | INFO | system | Metrics API endpoint called
2026-05-27 15:11:37,640 | WARNING | system | server-1 - HIGH RAM USAGE: 91.3%
2026-05-27 15:11:37,641 | WARNING | system | server-2 - HIGH RAM USAGE: 88.0%
2026-05-27 15:11:37,641 | WARNING | system | server-3 - HIGH RAM USAGE: 91.8%
2026-05-27 15:11:38,197 | INFO | system | Metrics API endpoint called
2026-05-27 15:11:39,491 | WARNING | system | server-1 - HIGH RAM USAGE: 88.8%
2026-05-27 15:11:39,491 | WARNING | system | server-3 - HIGH RAM USAGE: 87.2%
2026-05-27 15:11:40,197 | INFO | system | Metrics API endpoint called
2026-05-27 15:11:41,527 | WARNING | system | server-2 - HIGH RAM USAGE: 87.2%
2026-05-27 15:11:41,527 | WARNING | system | server-3 - HIGH RAM USAGE: 86.7%
2026-05-27 15:11:42,230 | INFO | system | Metrics API endpoint called
2026-05-27 15:11:43,554 | WARNING | system | server-1 - HIGH RAM USAGE: 86.1%
2026-05-27 15:11:43,554 | WARNING | system | server-3 - HIGH CPU USAGE: 96.2%
2026-05-27 15:11:43,555 | WARNING | system | server-3 - HIGH RAM USAGE: 87.9%
2026-05-27 15:11:44,206 | INFO | system | Metrics API endpoint called
2026-05-27 15:11:45,516 | WARNING | system | server-1 - HIGH RAM USAGE: 89.3%
2026-05-27 15:11:45,516 | WARNING | system | server-2 - HIGH RAM USAGE: 85.3%
2026-05-27 15:11:45,517 | WARNING | system | server-3 - HIGH RAM USAGE: 88.1%
2026-05-27 15:11:46,195 | INFO | system | Metrics API endpoint called
2026-05-27 15:11:47,377 | WARNING | system | server-1 - HIGH RAM USAGE: 87.1%
2026-05-27 15:11:47,378 | WARNING | system | server-2 - HIGH RAM USAGE: 88.0%
2026-05-27 15:11:48,205 | INFO | system | Metrics API endpoint called
2026-05-27 15:11:49,494 | WARNING | system | server-1 - HIGH RAM USAGE: 88.0%
2026-05-27 15:11:49,495 | WARNING | system | server-2 - HIGH RAM USAGE: 85.3%
2026-05-27 15:11:49,495 | WARNING | system | server-3 - HIGH RAM USAGE: 85.9%
2026-05-27 15:11:50,194 | INFO | system | Metrics API endpoint called
2026-05-27 15:11:51,483 | WARNING | system | server-1 - HIGH RAM USAGE: 88.3%
2026-05-27 15:11:51,483 | WARNING | system | server-2 - HIGH RAM USAGE: 86.3%
2026-05-27 15:11:51,484 | WARNING | system | server-3 - HIGH RAM USAGE: 86.9%
2026-05-27 15:11:52,203 | INFO | system | Metrics API endpoint called
2026-05-27 15:11:53,474 | WARNING | system | server-3 - HIGH RAM USAGE: 86.1%
2026-05-27 15:11:54,205 | INFO | system | Metrics API endpoint called
2026-05-27 15:11:55,466 | WARNING | system | server-1 - HIGH RAM USAGE: 85.1%
2026-05-27 15:11:55,466 | WARNING | system | server-2 - HIGH RAM USAGE: 85.2%
2026-05-27 15:11:55,467 | WARNING | system | server-3 - HIGH RAM USAGE: 87.8%
2026-05-27 15:11:56,201 | INFO | system | Metrics API endpoint called
2026-05-27 15:11:57,506 | WARNING | system | server-1 - HIGH RAM USAGE: 88.8%
2026-05-27 15:11:57,506 | WARNING | system | server-2 - HIGH RAM USAGE: 85.7%
2026-05-27 15:11:57,507 | WARNING | system | server-3 - HIGH RAM USAGE: 85.6%
2026-05-27 15:11:58,202 | INFO | system | Metrics API endpoint called
2026-05-27 15:11:59,491 | WARNING | system | server-1 - HIGH CPU USAGE: 96.5%
2026-05-27 15:11:59,492 | WARNING | system | server-1 - HIGH RAM USAGE: 89.3%
2026-05-27 15:11:59,492 | WARNING | system | server-2 - HIGH RAM USAGE: 88.8%
2026-05-27 15:11:59,492 | WARNING | system | server-3 - HIGH RAM USAGE: 87.0%
2026-05-27 15:12:00,200 | INFO | system | Metrics API endpoint called
2026-05-27 15:12:01,429 | WARNING | system | server-1 - HIGH RAM USAGE: 86.4%
2026-05-27 15:12:01,430 | WARNING | system | server-2 - HIGH RAM USAGE: 88.9%
2026-05-27 15:12:01,431 | WARNING | system | server-3 - HIGH RAM USAGE: 87.2%
2026-05-27 15:12:02,205 | INFO | system | Metrics API endpoint called
2026-05-27 15:12:03,437 | WARNING | system | server-1 - HIGH RAM USAGE: 88.0%
2026-05-27 15:12:03,438 | WARNING | system | server-2 - HIGH RAM USAGE: 85.8%
2026-05-27 15:12:03,438 | WARNING | system | server-3 - HIGH RAM USAGE: 86.4%
2026-05-27 15:12:04,195 | INFO | system | Metrics API endpoint called
2026-05-27 15:12:05,535 | WARNING | system | server-2 - HIGH RAM USAGE: 89.1%
2026-05-27 15:12:05,535 | WARNING | system | server-3 - HIGH RAM USAGE: 88.9%
2026-05-27 15:12:06,204 | INFO | system | Metrics API endpoint called
2026-05-27 15:12:07,510 | WARNING | system | server-1 - HIGH RAM USAGE: 88.7%
2026-05-27 15:12:07,510 | WARNING | system | server-2 - HIGH RAM USAGE: 85.4%
2026-05-27 15:12:08,200 | INFO | system | Metrics API endpoint called
2026-05-27 15:12:09,484 | WARNING | system | server-1 - HIGH RAM USAGE: 89.4%
2026-05-27 15:12:09,484 | WARNING | system | server-2 - HIGH RAM USAGE: 89.7%
2026-05-27 15:12:09,484 | WARNING | system | server-3 - HIGH RAM USAGE: 89.3%
2026-05-27 15:12:10,207 | INFO | system | Metrics API endpoint called
2026-05-27 15:12:11,470 | WARNING | system | server-1 - HIGH RAM USAGE: 85.9%
2026-05-27 15:12:11,471 | WARNING | system | server-2 - HIGH RAM USAGE: 88.0%
2026-05-27 15:12:11,471 | WARNING | system | server-3 - HIGH RAM USAGE: 85.6%
2026-05-27 15:12:12,192 | INFO | system | Metrics API endpoint called
2026-05-27 15:12:13,499 | WARNING | system | server-1 - HIGH RAM USAGE: 85.9%
2026-05-27 15:12:13,499 | WARNING | system | server-2 - HIGH RAM USAGE: 85.1%
2026-05-27 15:12:13,500 | WARNING | system | server-3 - HIGH RAM USAGE: 89.7%
2026-05-27 15:12:14,199 | INFO | system | Metrics API endpoint called
2026-05-27 15:12:15,577 | WARNING | system | server-1 - HIGH RAM USAGE: 86.1%
2026-05-27 15:12:15,578 | WARNING | system | server-2 - HIGH RAM USAGE: 90.1%
2026-05-27 15:12:15,578 | WARNING | system | server-3 - HIGH RAM USAGE: 87.0%
2026-05-27 15:12:16,205 | INFO | system | Metrics API endpoint called
2026-05-27 15:12:17,505 | WARNING | system | server-1 - HIGH RAM USAGE: 87.7%
2026-05-27 15:12:17,505 | WARNING | system | server-2 - HIGH RAM USAGE: 86.9%
2026-05-27 15:12:18,203 | INFO | system | Metrics API endpoint called
2026-05-27 15:12:19,520 | WARNING | system | server-2 - HIGH RAM USAGE: 88.0%
2026-05-27 15:12:19,521 | WARNING | system | server-3 - HIGH RAM USAGE: 89.5%
2026-05-27 15:12:20,206 | INFO | system | Metrics API endpoint called
2026-05-27 15:12:21,501 | WARNING | system | server-1 - HIGH RAM USAGE: 89.4%
2026-05-27 15:12:21,501 | WARNING | system | server-2 - HIGH RAM USAGE: 86.8%
2026-05-27 15:12:22,203 | INFO | system | Metrics API endpoint called
2026-05-27 15:12:23,565 | WARNING | system | server-1 - HIGH RAM USAGE: 89.4%
2026-05-27 15:12:23,565 | WARNING | system | server-2 - HIGH RAM USAGE: 85.2%
2026-05-27 15:12:23,566 | WARNING | system | server-3 - HIGH RAM USAGE: 87.2%
2026-05-27 15:12:24,206 | INFO | system | Metrics API endpoint called
2026-05-27 15:12:25,586 | WARNING | system | server-1 - HIGH RAM USAGE: 89.6%
2026-05-27 15:12:25,586 | WARNING | system | server-2 - HIGH RAM USAGE: 87.0%
2026-05-27 15:12:25,587 | WARNING | system | server-3 - HIGH RAM USAGE: 86.5%
2026-05-27 15:12:26,204 | INFO | system | Metrics API endpoint called
2026-05-27 15:12:27,545 | WARNING | system | server-2 - HIGH RAM USAGE: 87.2%
2026-05-27 15:12:27,546 | WARNING | system | server-3 - HIGH RAM USAGE: 90.4%
2026-05-27 15:12:28,206 | INFO | system | Metrics API endpoint called
2026-05-27 15:12:29,528 | WARNING | system | server-1 - HIGH RAM USAGE: 85.3%
2026-05-27 15:12:29,528 | WARNING | system | server-2 - HIGH RAM USAGE: 86.0%
2026-05-27 15:12:29,529 | WARNING | system | server-3 - HIGH RAM USAGE: 87.2%
2026-05-27 15:12:30,201 | INFO | system | Metrics API endpoint called
2026-05-27 15:12:31,526 | WARNING | system | server-1 - HIGH RAM USAGE: 87.6%
2026-05-27 15:12:31,526 | WARNING | system | server-2 - HIGH RAM USAGE: 90.3%
2026-05-27 15:12:31,527 | WARNING | system | server-3 - HIGH RAM USAGE: 90.5%
2026-05-27 15:12:32,205 | INFO | system | Metrics API endpoint called
2026-05-27 15:12:33,509 | WARNING | system | server-1 - HIGH RAM USAGE: 88.8%
2026-05-27 15:12:33,510 | WARNING | system | server-2 - HIGH RAM USAGE: 86.3%
2026-05-27 15:12:33,511 | WARNING | system | server-3 - HIGH RAM USAGE: 86.6%
2026-05-27 15:12:34,199 | INFO | system | Metrics API endpoint called
2026-05-27 15:12:35,448 | WARNING | system | server-1 - HIGH RAM USAGE: 87.8%
2026-05-27 15:12:35,449 | WARNING | system | server-2 - HIGH RAM USAGE: 85.5%
2026-05-27 15:12:35,450 | WARNING | system | server-3 - HIGH RAM USAGE: 90.2%
2026-05-27 15:12:36,204 | INFO | system | Metrics API endpoint called
2026-05-27 15:12:37,553 | WARNING | system | server-1 - HIGH RAM USAGE: 85.7%
2026-05-27 15:12:37,554 | WARNING | system | server-2 - HIGH RAM USAGE: 85.1%
2026-05-27 15:12:37,554 | WARNING | system | server-3 - HIGH RAM USAGE: 88.8%
2026-05-27 15:12:38,197 | INFO | system | Metrics API endpoint called
2026-05-27 15:12:39,514 | WARNING | system | server-1 - HIGH RAM USAGE: 90.4%
2026-05-27 15:12:39,514 | WARNING | system | server-2 - HIGH RAM USAGE: 90.5%
2026-05-27 15:12:39,515 | WARNING | system | server-3 - HIGH RAM USAGE: 88.4%
2026-05-27 15:12:40,201 | INFO | system | Metrics API endpoint called
2026-05-27 15:12:41,491 | WARNING | system | server-1 - HIGH RAM USAGE: 90.7%
2026-05-27 15:12:41,492 | WARNING | system | server-2 - HIGH RAM USAGE: 87.5%
2026-05-27 15:12:41,492 | WARNING | system | server-3 - HIGH RAM USAGE: 87.7%
2026-05-27 15:12:42,218 | INFO | system | Metrics API endpoint called
2026-05-27 15:12:43,573 | WARNING | system | server-1 - HIGH RAM USAGE: 90.6%
2026-05-27 15:12:43,574 | WARNING | system | server-2 - HIGH RAM USAGE: 88.2%
2026-05-27 15:12:43,574 | WARNING | system | server-3 - HIGH RAM USAGE: 89.3%
2026-05-27 15:12:44,205 | INFO | system | Metrics API endpoint called
2026-05-27 15:12:45,441 | WARNING | system | server-1 - HIGH RAM USAGE: 86.9%
2026-05-27 15:12:45,442 | WARNING | system | server-2 - HIGH RAM USAGE: 85.1%
2026-05-27 15:12:45,442 | WARNING | system | server-3 - HIGH RAM USAGE: 87.1%
2026-05-27 15:12:46,192 | INFO | system | Metrics API endpoint called
2026-05-27 15:12:47,421 | WARNING | system | server-1 - HIGH RAM USAGE: 89.8%
2026-05-27 15:12:47,421 | WARNING | system | server-2 - HIGH RAM USAGE: 88.5%
2026-05-27 15:12:47,422 | WARNING | system | server-3 - HIGH RAM USAGE: 90.4%
2026-05-27 15:12:48,200 | INFO | system | Metrics API endpoint called
2026-05-27 15:12:49,506 | WARNING | system | server-1 - HIGH RAM USAGE: 89.5%
2026-05-27 15:12:49,507 | WARNING | system | server-2 - HIGH RAM USAGE: 90.8%
2026-05-27 15:12:49,507 | WARNING | system | server-3 - HIGH RAM USAGE: 86.2%
2026-05-27 15:12:50,206 | INFO | system | Metrics API endpoint called
2026-05-27 15:12:51,546 | WARNING | system | server-1 - HIGH RAM USAGE: 87.8%
2026-05-27 15:12:51,546 | WARNING | system | server-2 - HIGH RAM USAGE: 90.2%
2026-05-27 15:12:51,547 | WARNING | system | server-3 - HIGH RAM USAGE: 88.2%
2026-05-27 15:12:52,191 | INFO | system | Metrics API endpoint called
2026-05-27 15:12:53,516 | WARNING | system | server-1 - HIGH RAM USAGE: 90.5%
2026-05-27 15:12:53,517 | WARNING | system | server-2 - HIGH RAM USAGE: 88.2%
2026-05-27 15:12:53,517 | WARNING | system | server-3 - HIGH RAM USAGE: 89.3%
2026-05-27 15:12:54,199 | INFO | system | Metrics API endpoint called
2026-05-27 15:12:55,462 | WARNING | system | server-1 - HIGH RAM USAGE: 86.7%
2026-05-27 15:12:55,462 | WARNING | system | server-2 - HIGH RAM USAGE: 90.2%
2026-05-27 15:12:55,462 | WARNING | system | server-3 - HIGH RAM USAGE: 85.4%
2026-05-27 15:12:56,191 | INFO | system | Metrics API endpoint called
2026-05-27 15:12:57,521 | WARNING | system | server-1 - HIGH RAM USAGE: 88.4%
2026-05-27 15:12:57,522 | WARNING | system | server-2 - HIGH RAM USAGE: 85.5%
2026-05-27 15:12:57,522 | WARNING | system | server-3 - HIGH RAM USAGE: 89.4%
2026-05-27 15:12:58,205 | INFO | system | Metrics API endpoint called
2026-05-27 15:12:59,511 | WARNING | system | server-1 - HIGH RAM USAGE: 86.2%
2026-05-27 15:12:59,511 | WARNING | system | server-2 - HIGH RAM USAGE: 87.9%
2026-05-27 15:12:59,511 | WARNING | system | server-3 - HIGH RAM USAGE: 88.7%
2026-05-27 15:13:00,205 | INFO | system | Metrics API endpoint called
2026-05-27 15:13:01,514 | WARNING | system | server-1 - HIGH RAM USAGE: 89.8%
2026-05-27 15:13:01,514 | WARNING | system | server-2 - HIGH RAM USAGE: 90.4%
2026-05-27 15:13:01,515 | WARNING | system | server-3 - HIGH RAM USAGE: 86.1%
2026-05-27 15:13:02,204 | INFO | system | Metrics API endpoint called
2026-05-27 15:13:03,512 | WARNING | system | server-1 - HIGH RAM USAGE: 88.6%
2026-05-27 15:13:03,512 | WARNING | system | server-2 - HIGH RAM USAGE: 87.5%
2026-05-27 15:13:03,514 | WARNING | system | server-3 - HIGH RAM USAGE: 87.7%
2026-05-27 15:13:04,198 | INFO | system | Metrics API endpoint called
2026-05-27 15:13:05,479 | WARNING | system | server-1 - HIGH RAM USAGE: 90.5%
2026-05-27 15:13:05,480 | WARNING | system | server-2 - HIGH RAM USAGE: 90.1%
2026-05-27 15:13:05,481 | WARNING | system | server-3 - HIGH RAM USAGE: 87.3%
2026-05-27 15:13:06,190 | INFO | system | Metrics API endpoint called
2026-05-27 15:13:07,446 | WARNING | system | server-1 - HIGH RAM USAGE: 88.0%
2026-05-27 15:13:07,447 | WARNING | system | server-2 - HIGH RAM USAGE: 89.9%
2026-05-27 15:13:07,448 | WARNING | system | server-3 - HIGH RAM USAGE: 89.6%
2026-05-27 15:13:08,198 | INFO | system | Metrics API endpoint called
2026-05-27 15:13:09,524 | WARNING | system | server-1 - HIGH RAM USAGE: 86.0%
2026-05-27 15:13:09,524 | WARNING | system | server-2 - HIGH RAM USAGE: 86.2%
2026-05-27 15:13:09,524 | WARNING | system | server-3 - HIGH RAM USAGE: 86.9%
2026-05-27 15:13:10,206 | INFO | system | Metrics API endpoint called
2026-05-27 15:13:11,460 | WARNING | system | server-1 - HIGH RAM USAGE: 87.0%
2026-05-27 15:13:11,461 | WARNING | system | server-2 - HIGH RAM USAGE: 88.9%
2026-05-27 15:13:11,461 | WARNING | system | server-3 - HIGH RAM USAGE: 90.2%
2026-05-27 15:13:12,196 | INFO | system | Metrics API endpoint called
2026-05-27 15:13:13,488 | WARNING | system | server-1 - HIGH RAM USAGE: 88.1%
2026-05-27 15:13:13,488 | WARNING | system | server-2 - HIGH RAM USAGE: 87.8%
2026-05-27 15:13:13,489 | WARNING | system | server-3 - HIGH RAM USAGE: 87.6%
2026-05-27 15:13:14,196 | INFO | system | Metrics API endpoint called
2026-05-27 15:13:15,498 | WARNING | system | server-1 - HIGH RAM USAGE: 87.3%
2026-05-27 15:13:15,499 | WARNING | system | server-2 - HIGH RAM USAGE: 87.9%
2026-05-27 15:13:15,499 | WARNING | system | server-3 - HIGH RAM USAGE: 90.8%
2026-05-27 15:13:16,201 | INFO | system | Metrics API endpoint called
2026-05-27 15:13:17,512 | WARNING | system | server-1 - HIGH RAM USAGE: 86.6%
2026-05-27 15:13:17,512 | WARNING | system | server-2 - HIGH RAM USAGE: 86.2%
2026-05-27 15:13:17,513 | WARNING | system | server-3 - HIGH RAM USAGE: 88.7%
2026-05-27 15:13:18,191 | INFO | system | Metrics API endpoint called
2026-05-27 15:13:19,509 | WARNING | system | server-1 - HIGH RAM USAGE: 90.7%
2026-05-27 15:13:19,509 | WARNING | system | server-2 - HIGH RAM USAGE: 85.9%
2026-05-27 15:13:19,509 | WARNING | system | server-3 - HIGH RAM USAGE: 89.1%
2026-05-27 15:13:20,198 | INFO | system | Metrics API endpoint called
2026-05-27 15:13:21,433 | WARNING | system | server-1 - HIGH RAM USAGE: 90.1%
2026-05-27 15:13:21,433 | WARNING | system | server-2 - HIGH RAM USAGE: 91.2%
2026-05-27 15:13:21,434 | WARNING | system | server-3 - HIGH RAM USAGE: 87.5%
2026-05-27 15:13:22,196 | INFO | system | Metrics API endpoint called
2026-05-27 15:13:23,490 | WARNING | system | server-1 - HIGH RAM USAGE: 91.1%
2026-05-27 15:13:23,491 | WARNING | system | server-2 - HIGH RAM USAGE: 88.9%
2026-05-27 15:13:23,491 | WARNING | system | server-3 - HIGH RAM USAGE: 85.9%
2026-05-27 15:13:24,206 | INFO | system | Metrics API endpoint called
2026-05-27 15:13:25,505 | WARNING | system | server-1 - HIGH RAM USAGE: 87.8%
2026-05-27 15:13:25,505 | WARNING | system | server-2 - HIGH RAM USAGE: 85.8%
2026-05-27 15:13:25,506 | WARNING | system | server-3 - HIGH RAM USAGE: 90.2%
2026-05-27 15:13:26,204 | INFO | system | Metrics API endpoint called
2026-05-27 15:13:27,456 | WARNING | system | server-1 - HIGH RAM USAGE: 87.4%
2026-05-27 15:13:27,456 | WARNING | system | server-2 - HIGH RAM USAGE: 88.3%
2026-05-27 15:13:27,457 | WARNING | system | server-3 - HIGH RAM USAGE: 85.6%
2026-05-27 15:13:28,204 | INFO | system | Metrics API endpoint called
2026-05-27 15:13:29,584 | WARNING | system | server-1 - HIGH RAM USAGE: 90.1%
2026-05-27 15:13:29,586 | WARNING | system | server-2 - HIGH RAM USAGE: 85.7%
2026-05-27 15:13:29,586 | WARNING | system | server-3 - HIGH RAM USAGE: 86.1%
2026-05-27 15:13:30,205 | INFO | system | Metrics API endpoint called
2026-05-27 15:13:31,503 | WARNING | system | server-1 - HIGH RAM USAGE: 90.1%
2026-05-27 15:13:31,504 | WARNING | system | server-2 - HIGH RAM USAGE: 88.9%
2026-05-27 15:13:31,504 | WARNING | system | server-3 - HIGH RAM USAGE: 90.4%
2026-05-27 15:13:32,194 | INFO | system | Metrics API endpoint called
2026-05-27 15:13:33,487 | WARNING | system | server-1 - HIGH RAM USAGE: 86.5%
2026-05-27 15:13:33,488 | WARNING | system | server-2 - HIGH RAM USAGE: 90.7%
2026-05-27 15:13:33,489 | WARNING | system | server-3 - HIGH RAM USAGE: 89.0%
2026-05-27 15:13:34,203 | INFO | system | Metrics API endpoint called
2026-05-27 15:13:35,454 | WARNING | system | server-1 - HIGH RAM USAGE: 87.0%
2026-05-27 15:13:35,455 | WARNING | system | server-2 - HIGH RAM USAGE: 88.5%
2026-05-27 15:13:35,456 | WARNING | system | server-3 - HIGH RAM USAGE: 86.0%
2026-05-27 15:13:36,193 | INFO | system | Metrics API endpoint called
2026-05-27 15:13:37,478 | WARNING | system | server-1 - HIGH RAM USAGE: 87.4%
2026-05-27 15:13:37,479 | WARNING | system | server-2 - HIGH RAM USAGE: 89.4%
2026-05-27 15:13:37,479 | WARNING | system | server-3 - HIGH RAM USAGE: 87.9%
2026-05-27 15:13:38,202 | INFO | system | Metrics API endpoint called
2026-05-27 15:13:39,518 | WARNING | system | server-1 - HIGH RAM USAGE: 89.9%
2026-05-27 15:13:39,519 | WARNING | system | server-2 - HIGH RAM USAGE: 88.1%
2026-05-27 15:13:39,519 | WARNING | system | server-3 - HIGH RAM USAGE: 85.5%
2026-05-27 15:13:40,206 | INFO | system | Metrics API endpoint called
2026-05-27 15:13:41,532 | WARNING | system | server-1 - HIGH RAM USAGE: 87.6%
2026-05-27 15:13:41,532 | WARNING | system | server-2 - HIGH RAM USAGE: 86.1%
2026-05-27 15:13:41,534 | WARNING | system | server-3 - HIGH RAM USAGE: 90.4%
2026-05-27 15:13:42,217 | INFO | system | Metrics API endpoint called
2026-05-27 15:13:43,587 | WARNING | system | server-1 - HIGH RAM USAGE: 87.7%
2026-05-27 15:13:43,587 | WARNING | system | server-2 - HIGH RAM USAGE: 86.1%
2026-05-27 15:13:43,588 | WARNING | system | server-3 - HIGH RAM USAGE: 86.7%
2026-05-27 15:13:44,206 | INFO | system | Metrics API endpoint called
2026-05-27 15:13:45,533 | WARNING | system | server-1 - HIGH RAM USAGE: 86.4%
2026-05-27 15:13:45,534 | WARNING | system | server-3 - HIGH RAM USAGE: 88.6%
2026-05-27 15:13:46,197 | INFO | system | Metrics API endpoint called
2026-05-27 15:13:47,556 | WARNING | system | server-1 - HIGH RAM USAGE: 85.6%
2026-05-27 15:13:47,557 | WARNING | system | server-2 - HIGH RAM USAGE: 87.0%
2026-05-27 15:13:47,558 | WARNING | system | server-3 - HIGH RAM USAGE: 89.5%
2026-05-27 15:13:48,207 | INFO | system | Metrics API endpoint called
2026-05-27 15:13:49,511 | WARNING | system | server-1 - HIGH RAM USAGE: 85.3%
2026-05-27 15:13:49,511 | WARNING | system | server-2 - HIGH RAM USAGE: 88.4%
2026-05-27 15:13:49,511 | WARNING | system | server-3 - HIGH RAM USAGE: 88.2%
2026-05-27 15:13:50,191 | INFO | system | Metrics API endpoint called
2026-05-27 15:13:51,482 | WARNING | system | server-2 - HIGH RAM USAGE: 88.6%
2026-05-27 15:13:51,482 | WARNING | system | server-3 - HIGH RAM USAGE: 89.6%
2026-05-27 15:13:52,192 | INFO | system | Metrics API endpoint called
2026-05-27 15:13:53,417 | WARNING | system | server-1 - HIGH RAM USAGE: 85.4%
2026-05-27 15:13:53,417 | WARNING | system | server-2 - HIGH RAM USAGE: 88.6%
2026-05-27 15:13:53,417 | WARNING | system | server-3 - HIGH RAM USAGE: 85.1%
2026-05-27 15:13:54,205 | INFO | system | Metrics API endpoint called
2026-05-27 15:13:55,515 | WARNING | system | server-1 - HIGH RAM USAGE: 87.6%
2026-05-27 15:13:55,516 | WARNING | system | server-3 - HIGH RAM USAGE: 88.6%
2026-05-27 15:13:56,195 | INFO | system | Metrics API endpoint called
2026-05-27 15:13:57,471 | WARNING | system | server-1 - HIGH RAM USAGE: 89.7%
2026-05-27 15:13:57,471 | WARNING | system | server-2 - HIGH RAM USAGE: 85.8%
2026-05-27 15:13:57,472 | WARNING | system | server-3 - HIGH RAM USAGE: 88.0%
2026-05-27 15:13:58,195 | INFO | system | Metrics API endpoint called
2026-05-27 15:13:59,481 | WARNING | system | server-1 - HIGH RAM USAGE: 85.4%
2026-05-27 15:13:59,482 | WARNING | system | server-3 - HIGH RAM USAGE: 85.3%
2026-05-27 15:14:00,204 | INFO | system | Metrics API endpoint called
2026-05-27 15:14:01,430 | WARNING | system | server-1 - HIGH RAM USAGE: 88.9%
2026-05-27 15:14:01,431 | WARNING | system | server-2 - HIGH RAM USAGE: 87.7%
2026-05-27 15:14:01,431 | WARNING | system | server-3 - HIGH RAM USAGE: 89.6%
2026-05-27 15:14:42,214 | INFO | system | Metrics API endpoint called
2026-05-27 15:14:43,553 | WARNING | system | server-1 - HIGH RAM USAGE: 87.8%
2026-05-27 15:14:43,555 | WARNING | system | server-2 - HIGH RAM USAGE: 85.5%
2026-05-27 15:15:42,214 | INFO | system | Metrics API endpoint called
2026-05-27 15:15:43,603 | WARNING | system | server-2 - HIGH RAM USAGE: 86.7%
2026-05-27 15:15:43,604 | WARNING | system | server-3 - HIGH CPU USAGE: 94.7%
2026-05-27 15:16:42,214 | INFO | system | Metrics API endpoint called
2026-05-27 15:16:43,630 | WARNING | system | server-1 - HIGH RAM USAGE: 88.0%
2026-05-27 15:16:43,630 | WARNING | system | server-2 - HIGH RAM USAGE: 88.7%
2026-05-27 15:16:43,631 | WARNING | system | server-3 - HIGH RAM USAGE: 88.6%
2026-05-27 15:17:42,213 | INFO | system | Metrics API endpoint called
2026-05-27 15:17:43,645 | WARNING | system | server-3 - HIGH CPU USAGE: 100.0%
2026-05-27 15:17:43,646 | WARNING | system | server-3 - HIGH RAM USAGE: 87.3%
2026-05-27 15:18:42,222 | INFO | system | Metrics API endpoint called
2026-05-27 15:18:43,819 | WARNING | system | server-1 - HIGH RAM USAGE: 86.3%
2026-05-27 15:18:43,820 | WARNING | system | server-2 - HIGH RAM USAGE: 90.8%
2026-05-27 15:18:43,820 | WARNING | system | server-3 - HIGH RAM USAGE: 89.7%
2026-05-27 15:19:36,627 | INFO | system | Smart Monitor Platform started
2026-05-27 15:19:36,628 | INFO | system | Flask server is starting
2026-05-27 15:19:41,081 | INFO | system | Metrics API endpoint called
2026-05-27 15:19:42,623 | WARNING | system | server-1 - HIGH RAM USAGE: 88.7%
2026-05-27 15:19:42,624 | WARNING | system | server-2 - HIGH RAM USAGE: 85.9%
2026-05-27 15:19:42,624 | WARNING | system | server-3 - HIGH RAM USAGE: 89.1%
2026-05-27 15:42:25,680 | INFO | system | Smart Monitor Platform started
2026-05-27 15:42:25,682 | INFO | system | Flask server is starting
2026-05-27 15:42:34,055 | INFO | system | Metrics API endpoint called
2026-05-27 15:42:36,474 | WARNING | system | server-1 - HIGH RAM USAGE: 88.3%
2026-05-27 15:42:36,475 | WARNING | system | server-3 - HIGH RAM USAGE: 89.2%
2026-05-27 15:42:36,521 | INFO | system | Metrics API endpoint called
2026-05-27 15:42:38,878 | WARNING | system | server-1 - HIGH RAM USAGE: 87.3%
2026-05-27 15:42:38,918 | INFO | system | Metrics API endpoint called
2026-05-27 15:42:41,313 | WARNING | system | server-1 - HIGH RAM USAGE: 87.1%
2026-05-27 15:42:41,314 | WARNING | system | server-2 - HIGH RAM USAGE: 85.7%
2026-05-27 15:42:41,315 | WARNING | system | server-3 - HIGH RAM USAGE: 88.1%
2026-05-27 15:42:41,347 | INFO | system | Metrics API endpoint called
2026-05-27 15:42:43,631 | WARNING | system | server-1 - HIGH RAM USAGE: 89.5%
2026-05-27 15:42:43,632 | WARNING | system | server-2 - HIGH RAM USAGE: 85.3%
2026-05-27 15:42:43,669 | INFO | system | Metrics API endpoint called
2026-05-27 15:42:46,007 | WARNING | system | server-1 - HIGH CPU USAGE: 98.0%
2026-05-27 15:42:46,008 | WARNING | system | server-1 - HIGH RAM USAGE: 87.1%
2026-05-27 15:42:46,009 | WARNING | system | server-2 - HIGH RAM USAGE: 85.8%
2026-05-27 15:42:46,010 | WARNING | system | server-3 - HIGH RAM USAGE: 89.5%
2026-05-27 15:42:46,041 | INFO | system | Metrics API endpoint called
2026-05-27 15:42:48,226 | WARNING | system | server-1 - HIGH RAM USAGE: 85.3%
2026-05-27 15:42:48,226 | WARNING | system | server-2 - HIGH RAM USAGE: 88.0%
2026-05-27 15:42:48,228 | WARNING | system | server-3 - HIGH RAM USAGE: 86.0%
2026-05-27 15:42:48,263 | INFO | system | Metrics API endpoint called
2026-05-27 15:42:50,456 | WARNING | system | server-2 - HIGH RAM USAGE: 88.0%
2026-05-27 15:42:50,456 | WARNING | system | server-3 - HIGH RAM USAGE: 90.1%
2026-05-27 15:42:50,495 | INFO | system | Metrics API endpoint called
2026-05-27 15:42:52,838 | WARNING | system | server-1 - HIGH RAM USAGE: 90.1%
2026-05-27 15:42:52,840 | WARNING | system | server-2 - HIGH RAM USAGE: 85.1%
2026-05-27 15:42:52,840 | WARNING | system | server-3 - HIGH RAM USAGE: 89.9%
2026-05-27 15:42:52,875 | INFO | system | Metrics API endpoint called
2026-05-27 15:42:55,221 | WARNING | system | server-1 - HIGH RAM USAGE: 90.1%
2026-05-27 15:42:55,222 | WARNING | system | server-2 - HIGH RAM USAGE: 87.1%
2026-05-27 15:42:55,223 | WARNING | system | server-3 - HIGH RAM USAGE: 85.4%
2026-05-27 15:42:55,260 | INFO | system | Metrics API endpoint called
2026-05-27 15:42:57,546 | WARNING | system | server-1 - HIGH RAM USAGE: 88.1%
2026-05-27 15:42:57,547 | WARNING | system | server-3 - HIGH RAM USAGE: 86.1%
2026-05-27 15:42:57,579 | INFO | system | Metrics API endpoint called
2026-05-27 15:42:59,782 | WARNING | system | server-1 - HIGH RAM USAGE: 89.8%
2026-05-27 15:42:59,784 | WARNING | system | server-2 - HIGH RAM USAGE: 85.3%
2026-05-27 15:42:59,785 | WARNING | system | server-3 - HIGH RAM USAGE: 89.0%
2026-05-27 15:42:59,815 | INFO | system | Metrics API endpoint called
2026-05-27 15:43:01,944 | WARNING | system | server-1 - HIGH RAM USAGE: 88.5%
2026-05-27 15:43:01,945 | WARNING | system | server-2 - HIGH RAM USAGE: 85.4%
2026-05-27 15:43:01,946 | WARNING | system | server-3 - HIGH RAM USAGE: 89.6%
2026-05-27 15:43:01,982 | INFO | system | Metrics API endpoint called
2026-05-27 15:43:04,119 | WARNING | system | server-3 - HIGH RAM USAGE: 87.0%
2026-05-27 15:43:04,152 | INFO | system | Metrics API endpoint called
2026-05-27 15:43:06,273 | WARNING | system | server-1 - HIGH RAM USAGE: 86.3%
2026-05-27 15:43:06,274 | WARNING | system | server-2 - HIGH RAM USAGE: 89.0%
2026-05-27 15:43:06,274 | WARNING | system | server-3 - HIGH RAM USAGE: 85.3%
2026-05-27 15:43:06,308 | INFO | system | Metrics API endpoint called
2026-05-27 15:43:08,455 | WARNING | system | server-1 - HIGH RAM USAGE: 88.3%
2026-05-27 15:43:08,456 | WARNING | system | server-2 - HIGH RAM USAGE: 89.6%
2026-05-27 15:43:08,491 | INFO | system | Metrics API endpoint called
2026-05-27 15:43:10,707 | WARNING | system | server-1 - HIGH RAM USAGE: 85.9%
2026-05-27 15:43:10,708 | WARNING | system | server-3 - HIGH RAM USAGE: 88.3%
2026-05-27 15:43:10,742 | INFO | system | Metrics API endpoint called
2026-05-27 15:43:13,001 | WARNING | system | server-2 - HIGH RAM USAGE: 85.6%
2026-05-27 15:43:13,002 | WARNING | system | server-3 - HIGH RAM USAGE: 85.9%
2026-05-27 15:43:13,035 | INFO | system | Metrics API endpoint called
2026-05-27 15:43:15,282 | WARNING | system | server-1 - HIGH RAM USAGE: 88.1%
2026-05-27 15:43:15,283 | WARNING | system | server-2 - HIGH RAM USAGE: 85.2%
2026-05-27 15:43:15,284 | WARNING | system | server-3 - HIGH RAM USAGE: 85.5%
2026-05-27 15:43:15,319 | INFO | system | Metrics API endpoint called
2026-05-27 15:43:17,504 | WARNING | system | server-1 - HIGH RAM USAGE: 89.8%
2026-05-27 15:43:17,505 | WARNING | system | server-2 - HIGH RAM USAGE: 88.3%
2026-05-27 15:43:17,506 | WARNING | system | server-3 - HIGH RAM USAGE: 86.5%
2026-05-27 15:43:17,536 | INFO | system | Metrics API endpoint called
2026-05-27 15:43:19,741 | WARNING | system | server-1 - HIGH RAM USAGE: 89.6%
2026-05-27 15:43:19,741 | WARNING | system | server-2 - HIGH RAM USAGE: 88.8%
2026-05-27 15:43:19,742 | WARNING | system | server-3 - HIGH RAM USAGE: 89.0%
2026-05-27 15:43:19,779 | INFO | system | Metrics API endpoint called
2026-05-27 15:43:21,906 | WARNING | system | server-1 - HIGH RAM USAGE: 88.4%
2026-05-27 15:43:21,907 | WARNING | system | server-2 - HIGH RAM USAGE: 89.6%
2026-05-27 15:43:21,944 | INFO | system | Metrics API endpoint called
2026-05-27 15:43:24,249 | WARNING | system | server-1 - HIGH RAM USAGE: 86.4%
2026-05-27 15:43:24,251 | WARNING | system | server-2 - HIGH RAM USAGE: 88.6%
2026-05-27 15:43:24,286 | INFO | system | Metrics API endpoint called
2026-05-27 15:43:26,617 | WARNING | system | server-1 - HIGH RAM USAGE: 89.3%
2026-05-27 15:43:26,618 | WARNING | system | server-2 - HIGH RAM USAGE: 87.1%
2026-05-27 15:43:26,619 | WARNING | system | server-3 - HIGH RAM USAGE: 86.8%
2026-05-27 15:43:26,662 | INFO | system | Metrics API endpoint called
2026-05-27 15:43:28,916 | WARNING | system | server-1 - HIGH RAM USAGE: 86.6%
2026-05-27 15:43:28,917 | WARNING | system | server-2 - HIGH RAM USAGE: 86.9%
2026-05-27 15:43:28,918 | WARNING | system | server-3 - HIGH RAM USAGE: 86.9%
2026-05-27 15:43:28,954 | INFO | system | Metrics API endpoint called
2026-05-27 15:43:31,292 | WARNING | system | server-1 - HIGH RAM USAGE: 89.8%
2026-05-27 15:43:31,293 | WARNING | system | server-2 - HIGH RAM USAGE: 88.3%
2026-05-27 15:43:31,294 | WARNING | system | server-3 - HIGH RAM USAGE: 87.0%
2026-05-27 15:43:31,331 | INFO | system | Metrics API endpoint called
2026-05-27 15:43:33,586 | WARNING | system | server-2 - HIGH RAM USAGE: 87.2%
2026-05-27 15:43:33,624 | INFO | system | Metrics API endpoint called
2026-05-27 15:43:35,831 | WARNING | system | server-1 - HIGH RAM USAGE: 85.6%
2026-05-27 15:43:35,832 | WARNING | system | server-2 - HIGH RAM USAGE: 88.0%
2026-05-27 15:43:35,833 | WARNING | system | server-3 - HIGH RAM USAGE: 87.0%
2026-05-27 15:43:35,862 | INFO | system | Metrics API endpoint called
2026-05-27 15:43:37,963 | WARNING | system | server-1 - HIGH RAM USAGE: 87.3%
2026-05-27 15:43:37,964 | WARNING | system | server-2 - HIGH RAM USAGE: 89.9%
2026-05-27 15:43:37,994 | INFO | system | Metrics API endpoint called
2026-05-27 15:43:40,110 | WARNING | system | server-1 - HIGH RAM USAGE: 85.5%
2026-05-27 15:43:40,111 | WARNING | system | server-2 - HIGH RAM USAGE: 86.0%
2026-05-27 15:43:40,143 | INFO | system | Metrics API endpoint called
2026-05-27 15:43:42,428 | WARNING | system | server-1 - HIGH RAM USAGE: 89.4%
2026-05-27 15:43:42,429 | WARNING | system | server-2 - HIGH RAM USAGE: 85.7%
2026-05-27 15:43:42,430 | WARNING | system | server-3 - HIGH RAM USAGE: 89.4%
2026-05-27 15:43:42,461 | INFO | system | Metrics API endpoint called
2026-05-27 15:43:44,635 | WARNING | system | server-1 - HIGH RAM USAGE: 87.1%
2026-05-27 15:43:44,635 | WARNING | system | server-2 - HIGH RAM USAGE: 89.3%
2026-05-27 15:43:44,637 | WARNING | system | server-3 - HIGH RAM USAGE: 85.5%
2026-05-27 15:43:44,668 | INFO | system | Metrics API endpoint called
2026-05-27 15:43:46,814 | WARNING | system | server-1 - HIGH RAM USAGE: 85.5%
2026-05-27 15:43:46,815 | WARNING | system | server-2 - HIGH RAM USAGE: 87.4%
2026-05-27 15:43:46,816 | WARNING | system | server-3 - HIGH RAM USAGE: 87.7%
2026-05-27 15:43:46,849 | INFO | system | Metrics API endpoint called
2026-05-27 15:43:49,005 | WARNING | system | server-1 - HIGH RAM USAGE: 85.5%
2026-05-27 15:43:49,006 | WARNING | system | server-2 - HIGH RAM USAGE: 90.3%
2026-05-27 15:43:49,007 | WARNING | system | server-3 - HIGH RAM USAGE: 88.8%
2026-05-27 15:43:49,041 | INFO | system | Metrics API endpoint called
2026-05-27 15:43:51,317 | WARNING | system | server-2 - HIGH RAM USAGE: 88.6%
2026-05-27 15:43:51,318 | WARNING | system | server-3 - HIGH RAM USAGE: 85.9%
2026-05-27 15:43:51,356 | INFO | system | Metrics API endpoint called
2026-05-27 15:43:53,511 | WARNING | system | server-1 - HIGH RAM USAGE: 88.6%
2026-05-27 15:43:53,512 | WARNING | system | server-2 - HIGH RAM USAGE: 89.3%
2026-05-27 15:43:53,514 | WARNING | system | server-3 - HIGH RAM USAGE: 89.2%
2026-05-27 15:43:53,550 | INFO | system | Metrics API endpoint called
2026-05-27 15:43:55,686 | WARNING | system | server-2 - HIGH RAM USAGE: 86.8%
2026-05-27 15:43:55,715 | INFO | system | Metrics API endpoint called
2026-05-27 15:43:57,948 | WARNING | system | server-1 - HIGH RAM USAGE: 85.8%
2026-05-27 15:43:57,949 | WARNING | system | server-2 - HIGH RAM USAGE: 85.9%
2026-05-27 15:43:57,987 | INFO | system | Metrics API endpoint called
2026-05-27 15:44:00,291 | WARNING | system | server-1 - HIGH RAM USAGE: 87.9%
2026-05-27 15:44:00,292 | WARNING | system | server-2 - HIGH RAM USAGE: 87.6%
2026-05-27 15:44:00,293 | WARNING | system | server-3 - HIGH RAM USAGE: 88.8%
2026-05-27 15:44:00,324 | INFO | system | Metrics API endpoint called
2026-05-27 15:44:02,811 | WARNING | system | server-1 - HIGH RAM USAGE: 87.4%
2026-05-27 15:44:02,812 | WARNING | system | server-2 - HIGH RAM USAGE: 88.6%
2026-05-27 15:44:02,812 | WARNING | system | server-3 - HIGH RAM USAGE: 86.2%
2026-05-27 15:44:42,261 | INFO | system | Metrics API endpoint called
2026-05-27 15:44:44,711 | WARNING | system | server-1 - HIGH RAM USAGE: 88.3%
2026-05-27 15:44:44,712 | WARNING | system | server-2 - HIGH RAM USAGE: 85.9%
2026-05-27 15:44:44,713 | WARNING | system | server-3 - HIGH RAM USAGE: 85.4%
2026-05-27 15:45:42,229 | INFO | system | Metrics API endpoint called
2026-05-27 15:45:44,523 | WARNING | system | server-1 - HIGH RAM USAGE: 91.0%
2026-05-27 15:45:44,525 | WARNING | system | server-2 - HIGH RAM USAGE: 87.9%
2026-05-27 15:45:44,526 | WARNING | system | server-3 - HIGH RAM USAGE: 87.0%
2026-05-27 15:46:42,227 | INFO | system | Metrics API endpoint called
2026-05-27 15:46:44,893 | WARNING | system | server-1 - HIGH RAM USAGE: 85.7%
2026-05-27 15:46:44,894 | WARNING | system | server-2 - HIGH RAM USAGE: 89.6%
2026-05-27 15:46:44,895 | WARNING | system | server-3 - HIGH CPU USAGE: 90.3%
2026-05-27 15:46:44,895 | WARNING | system | server-3 - HIGH RAM USAGE: 85.6%
2026-05-27 15:47:42,227 | INFO | system | Metrics API endpoint called
2026-05-27 15:47:45,059 | WARNING | system | server-1 - HIGH RAM USAGE: 88.2%
2026-05-27 15:47:45,060 | WARNING | system | server-2 - HIGH RAM USAGE: 86.6%
2026-05-27 15:47:45,061 | WARNING | system | server-3 - HIGH RAM USAGE: 87.2%
2026-05-27 15:48:42,222 | INFO | system | Metrics API endpoint called
2026-05-27 15:48:44,824 | WARNING | system | server-1 - HIGH RAM USAGE: 85.2%
2026-05-27 15:48:44,825 | WARNING | system | server-2 - HIGH RAM USAGE: 86.5%
2026-05-27 15:49:24,487 | INFO | system | Metrics API endpoint called
2026-05-27 15:49:26,996 | WARNING | system | server-2 - HIGH RAM USAGE: 89.3%
2026-05-27 15:49:27,031 | INFO | system | Metrics API endpoint called
2026-05-27 15:49:29,233 | WARNING | system | server-1 - HIGH RAM USAGE: 88.3%
2026-05-27 15:49:29,235 | WARNING | system | server-2 - HIGH RAM USAGE: 88.7%
2026-05-27 15:49:29,236 | WARNING | system | server-3 - HIGH RAM USAGE: 86.5%
2026-05-27 15:49:29,277 | INFO | system | Metrics API endpoint called
2026-05-27 15:49:31,454 | WARNING | system | server-2 - HIGH RAM USAGE: 86.8%
2026-05-27 15:49:31,455 | WARNING | system | server-3 - HIGH RAM USAGE: 88.7%
2026-05-27 15:49:31,487 | INFO | system | Metrics API endpoint called
2026-05-27 15:49:33,661 | WARNING | system | server-2 - HIGH RAM USAGE: 85.8%
2026-05-27 15:49:33,697 | INFO | system | Metrics API endpoint called
2026-05-27 15:49:35,871 | WARNING | system | server-1 - HIGH RAM USAGE: 90.0%
2026-05-27 15:49:35,872 | WARNING | system | server-2 - HIGH RAM USAGE: 88.0%
2026-05-27 15:49:35,873 | WARNING | system | server-3 - HIGH RAM USAGE: 86.3%
2026-05-27 15:49:35,911 | INFO | system | Metrics API endpoint called
2026-05-27 15:49:38,165 | WARNING | system | server-1 - HIGH RAM USAGE: 88.7%
2026-05-27 15:49:38,166 | WARNING | system | server-2 - HIGH RAM USAGE: 85.8%
2026-05-27 15:49:38,167 | WARNING | system | server-3 - HIGH RAM USAGE: 89.8%
2026-05-27 15:49:38,203 | INFO | system | Metrics API endpoint called
2026-05-27 15:49:40,348 | WARNING | system | server-1 - HIGH RAM USAGE: 86.7%
2026-05-27 15:49:40,348 | WARNING | system | server-2 - HIGH RAM USAGE: 87.2%
2026-05-27 15:49:40,350 | WARNING | system | server-3 - HIGH RAM USAGE: 88.5%
2026-05-27 15:49:40,379 | INFO | system | Metrics API endpoint called
2026-05-27 15:49:42,464 | WARNING | system | server-1 - HIGH RAM USAGE: 87.2%
2026-05-27 15:49:42,464 | WARNING | system | server-2 - HIGH RAM USAGE: 89.1%
2026-05-27 15:49:42,495 | INFO | system | Metrics API endpoint called
2026-05-27 15:49:44,557 | WARNING | system | server-1 - HIGH RAM USAGE: 85.4%
2026-05-27 15:49:44,557 | WARNING | system | server-2 - HIGH RAM USAGE: 87.3%
2026-05-27 15:49:44,559 | WARNING | system | server-3 - HIGH RAM USAGE: 87.1%
2026-05-27 15:49:44,591 | INFO | system | Metrics API endpoint called
2026-05-27 15:49:46,772 | WARNING | system | server-2 - HIGH RAM USAGE: 89.0%
2026-05-27 15:49:46,773 | WARNING | system | server-3 - HIGH RAM USAGE: 86.8%
2026-05-27 15:49:46,803 | INFO | system | Metrics API endpoint called
2026-05-27 15:49:48,834 | WARNING | system | server-1 - HIGH RAM USAGE: 88.1%
2026-05-27 15:49:48,835 | WARNING | system | server-3 - HIGH RAM USAGE: 85.5%
2026-05-27 15:49:48,865 | INFO | system | Metrics API endpoint called
2026-05-27 15:49:51,337 | WARNING | system | server-1 - HIGH RAM USAGE: 88.9%
2026-05-27 15:49:51,337 | WARNING | system | server-2 - HIGH RAM USAGE: 89.2%
2026-05-27 15:49:51,338 | WARNING | system | server-3 - HIGH RAM USAGE: 90.2%
2026-05-27 15:49:51,370 | INFO | system | Metrics API endpoint called
2026-05-27 15:49:53,437 | WARNING | system | server-1 - HIGH RAM USAGE: 87.1%
2026-05-27 15:49:53,438 | WARNING | system | server-2 - HIGH RAM USAGE: 90.5%
2026-05-27 15:49:53,439 | WARNING | system | server-3 - HIGH RAM USAGE: 90.7%
2026-05-27 17:04:11,015 | INFO | system | Smart Monitor Platform initialized
2026-05-27 17:04:11,020 | INFO | system | Flask server starting
2026-05-27 17:04:23,302 | INFO | system | Metrics endpoint called
2026-05-27 17:04:25,614 | WARNING | system | server-1 - HIGH RAM USAGE: 88.2%
2026-05-27 17:04:25,614 | WARNING | system | server-2 - HIGH RAM USAGE: 89.4%
2026-05-27 17:04:25,616 | WARNING | system | server-3 - HIGH RAM USAGE: 86.6%
2026-05-27 17:04:45,329 | INFO | system | Metrics endpoint called
2026-05-27 17:04:46,991 | ERROR | system | Email notification failed: [WinError 10060] A connection attempt failed because the connected party did not properly respond after a period of time, or established connection failed because connected host has failed to respond
2026-05-27 17:04:47,204 | INFO | system | Metrics endpoint called
2026-05-27 17:04:47,701 | WARNING | system | server-1 - HIGH RAM USAGE: 88.0%
2026-05-27 17:04:47,813 | WARNING | system | server-2 - HIGH RAM USAGE: 89.0%
2026-05-27 17:04:47,939 | WARNING | system | server-3 - HIGH RAM USAGE: 85.9%
2026-05-27 17:04:49,403 | INFO | system | Metrics endpoint called
2026-05-27 17:04:50,073 | WARNING | system | server-2 - HIGH RAM USAGE: 89.8%
2026-05-27 17:04:50,156 | WARNING | system | server-3 - HIGH RAM USAGE: 87.4%
2026-05-27 17:04:51,413 | INFO | system | Metrics endpoint called
2026-05-27 17:04:52,222 | WARNING | system | server-1 - HIGH RAM USAGE: 88.9%
2026-05-27 17:04:52,278 | WARNING | system | server-3 - HIGH RAM USAGE: 86.3%
2026-05-27 17:04:53,378 | INFO | system | Metrics endpoint called
2026-05-27 17:04:54,586 | WARNING | system | server-1 - HIGH RAM USAGE: 86.0%
2026-05-27 17:04:54,670 | WARNING | system | server-2 - HIGH RAM USAGE: 87.6%
2026-05-27 17:04:55,410 | INFO | system | Metrics endpoint called
2026-05-27 17:04:56,900 | WARNING | system | server-1 - HIGH RAM USAGE: 86.5%
2026-05-27 17:04:56,998 | WARNING | system | server-2 - HIGH RAM USAGE: 85.1%
2026-05-27 17:04:57,091 | WARNING | system | server-3 - HIGH RAM USAGE: 89.8%
2026-05-27 17:04:58,538 | WARNING | system | server-1 - HIGH RAM USAGE: 87.7%
2026-05-27 17:04:58,538 | WARNING | system | server-2 - HIGH RAM USAGE: 87.0%
2026-05-27 17:04:58,540 | WARNING | system | server-3 - HIGH RAM USAGE: 85.8%
2026-05-27 17:05:09,585 | ERROR | system | Email notification failed: [WinError 10060] A connection attempt failed because the connected party did not properly respond after a period of time, or established connection failed because connected host has failed to respond
2026-05-27 17:05:09,595 | INFO | system | Metrics endpoint called
2026-05-27 17:05:11,710 | ERROR | system | Email notification failed: [WinError 10060] A connection attempt failed because the connected party did not properly respond after a period of time, or established connection failed because connected host has failed to respond
2026-05-27 17:05:12,284 | WARNING | system | server-1 - HIGH RAM USAGE: 90.2%
2026-05-27 17:05:12,285 | INFO | system | Metrics endpoint called
2026-05-27 17:05:12,286 | WARNING | system | server-2 - HIGH RAM USAGE: 89.3%
2026-05-27 17:05:12,290 | WARNING | system | server-3 - HIGH RAM USAGE: 89.2%
2026-05-27 17:05:13,869 | ERROR | system | Email notification failed: [WinError 10060] A connection attempt failed because the connected party did not properly respond after a period of time, or established connection failed because connected host has failed to respond
2026-05-27 17:05:14,150 | INFO | system | Metrics endpoint called
2026-05-27 17:05:14,569 | WARNING | system | server-1 - HIGH RAM USAGE: 89.1%
2026-05-27 17:05:14,637 | WARNING | system | server-2 - HIGH RAM USAGE: 88.5%
2026-05-27 17:05:14,733 | WARNING | system | server-3 - HIGH RAM USAGE: 90.3%
2026-05-27 17:05:16,313 | ERROR | system | Email notification failed: [WinError 10060] A connection attempt failed because the connected party did not properly respond after a period of time, or established connection failed because connected host has failed to respond
2026-05-27 17:05:16,495 | INFO | system | Metrics endpoint called
2026-05-27 17:05:16,773 | WARNING | system | server-1 - HIGH RAM USAGE: 87.6%
2026-05-27 17:05:16,844 | WARNING | system | server-2 - HIGH RAM USAGE: 87.9%
2026-05-27 17:05:16,927 | WARNING | system | server-3 - HIGH RAM USAGE: 87.5%
2026-05-27 17:05:18,810 | ERROR | system | Email notification failed: [WinError 10060] A connection attempt failed because the connected party did not properly respond after a period of time, or established connection failed because connected host has failed to respond
2026-05-27 17:05:19,009 | INFO | system | Metrics endpoint called
2026-05-27 17:05:19,189 | WARNING | system | server-1 - HIGH RAM USAGE: 89.5%
2026-05-27 17:05:19,190 | WARNING | system | server-2 - HIGH RAM USAGE: 90.1%
2026-05-27 17:05:19,191 | WARNING | system | server-3 - HIGH RAM USAGE: 86.9%
2026-05-27 17:05:19,717 | ERROR | system | Email notification failed: [WinError 10060] A connection attempt failed because the connected party did not properly respond after a period of time, or established connection failed because connected host has failed to respond
2026-05-27 17:05:19,907 | INFO | system | Metrics endpoint called
2026-05-27 17:05:22,807 | WARNING | system | server-1 - HIGH RAM USAGE: 86.8%
2026-05-27 17:05:22,899 | WARNING | system | server-2 - HIGH RAM USAGE: 90.0%
2026-05-27 17:05:22,979 | WARNING | system | server-3 - HIGH RAM USAGE: 89.3%
2026-05-27 17:05:23,761 | WARNING | system | server-1 - HIGH RAM USAGE: 87.5%
2026-05-27 17:05:23,761 | WARNING | system | server-3 - HIGH RAM USAGE: 89.6%
2026-05-27 17:05:33,678 | ERROR | system | Email notification failed: [WinError 10060] A connection attempt failed because the connected party did not properly respond after a period of time, or established connection failed because connected host has failed to respond
2026-05-27 17:05:33,686 | INFO | system | Metrics endpoint called
2026-05-27 17:05:36,180 | WARNING | system | server-1 - HIGH RAM USAGE: 88.9%
2026-05-27 17:05:36,181 | WARNING | system | server-2 - HIGH RAM USAGE: 89.0%
2026-05-27 17:05:36,183 | WARNING | system | server-3 - HIGH RAM USAGE: 87.0%
2026-05-27 17:05:36,333 | ERROR | system | Email notification failed: [WinError 10060] A connection attempt failed because the connected party did not properly respond after a period of time, or established connection failed because connected host has failed to respond
2026-05-27 17:05:36,341 | INFO | system | Metrics endpoint called
2026-05-27 17:05:38,575 | ERROR | system | Email notification failed: [WinError 10060] A connection attempt failed because the connected party did not properly respond after a period of time, or established connection failed because connected host has failed to respond
2026-05-27 17:05:38,624 | WARNING | system | server-1 - HIGH RAM USAGE: 87.9%
2026-05-27 17:05:38,627 | WARNING | system | server-2 - HIGH CPU USAGE: 99.4%
2026-05-27 17:05:38,629 | WARNING | system | server-2 - HIGH RAM USAGE: 87.3%
2026-05-27 17:05:38,629 | WARNING | system | server-3 - HIGH RAM USAGE: 89.0%
2026-05-27 17:05:38,631 | INFO | system | Metrics endpoint called
2026-05-27 17:05:40,804 | ERROR | system | Email notification failed: [WinError 10060] A connection attempt failed because the connected party did not properly respond after a period of time, or established connection failed because connected host has failed to respond
2026-05-27 17:05:40,949 | WARNING | system | server-1 - HIGH RAM USAGE: 88.3%
2026-05-27 17:05:40,952 | WARNING | system | server-2 - HIGH RAM USAGE: 86.4%
2026-05-27 17:05:40,954 | WARNING | system | server-3 - HIGH RAM USAGE: 87.7%
2026-05-27 17:05:40,995 | INFO | system | Metrics endpoint called
2026-05-27 17:05:43,315 | WARNING | system | server-1 - HIGH RAM USAGE: 88.9%
2026-05-27 17:05:43,316 | WARNING | system | server-2 - HIGH RAM USAGE: 89.0%
2026-05-27 17:05:43,317 | WARNING | system | server-3 - HIGH RAM USAGE: 88.4%
2026-05-27 17:05:44,677 | ERROR | system | Email notification failed: [WinError 10060] A connection attempt failed because the connected party did not properly respond after a period of time, or established connection failed because connected host has failed to respond
2026-05-27 17:05:44,685 | INFO | system | Metrics endpoint called
2026-05-27 17:05:44,946 | ERROR | system | Email notification failed: [WinError 10060] A connection attempt failed because the connected party did not properly respond after a period of time, or established connection failed because connected host has failed to respond
2026-05-27 17:05:45,180 | INFO | system | Metrics endpoint called
2026-05-27 17:05:48,532 | WARNING | system | server-1 - HIGH CPU USAGE: 100.0%
2026-05-27 17:05:48,646 | WARNING | system | server-1 - HIGH RAM USAGE: 86.8%
2026-05-27 17:05:48,733 | WARNING | system | server-2 - HIGH RAM USAGE: 88.0%
2026-05-27 17:05:48,803 | WARNING | system | server-3 - HIGH RAM USAGE: 85.6%
2026-05-27 17:05:49,382 | WARNING | system | server-1 - HIGH RAM USAGE: 89.8%
2026-05-27 17:05:49,383 | WARNING | system | server-2 - HIGH RAM USAGE: 86.8%
2026-05-27 17:05:49,384 | WARNING | system | server-3 - HIGH RAM USAGE: 90.0%
2026-05-27 17:05:57,301 | ERROR | system | Email notification failed: [WinError 10060] A connection attempt failed because the connected party did not properly respond after a period of time, or established connection failed because connected host has failed to respond
2026-05-27 17:05:57,309 | INFO | system | Metrics endpoint called
2026-05-27 17:05:59,838 | WARNING | system | server-1 - HIGH RAM USAGE: 86.9%
2026-05-27 17:05:59,839 | WARNING | system | server-2 - HIGH RAM USAGE: 85.9%
2026-05-27 17:05:59,840 | WARNING | system | server-3 - HIGH RAM USAGE: 89.8%
2026-05-27 17:06:00,082 | ERROR | system | Email notification failed: [WinError 10060] A connection attempt failed because the connected party did not properly respond after a period of time, or established connection failed because connected host has failed to respond
2026-05-27 17:06:00,090 | INFO | system | Metrics endpoint called
2026-05-27 17:06:02,346 | WARNING | system | server-1 - HIGH RAM USAGE: 86.3%
2026-05-27 17:06:02,348 | WARNING | system | server-2 - HIGH RAM USAGE: 89.6%
2026-05-27 17:06:02,349 | WARNING | system | server-3 - HIGH RAM USAGE: 89.2%
2026-05-27 17:06:02,372 | ERROR | system | Email notification failed: [WinError 10060] A connection attempt failed because the connected party did not properly respond after a period of time, or established connection failed because connected host has failed to respond
2026-05-27 17:06:02,381 | INFO | system | Metrics endpoint called
2026-05-27 17:06:04,538 | ERROR | system | Email notification failed: [WinError 10060] A connection attempt failed because the connected party did not properly respond after a period of time, or established connection failed because connected host has failed to respond
2026-05-27 17:06:04,586 | WARNING | system | server-1 - HIGH RAM USAGE: 88.4%
2026-05-27 17:06:04,587 | WARNING | system | server-2 - HIGH RAM USAGE: 89.0%
2026-05-27 17:06:04,589 | WARNING | system | server-3 - HIGH RAM USAGE: 87.4%
2026-05-27 17:06:04,592 | INFO | system | Metrics endpoint called
2026-05-27 17:06:06,865 | WARNING | system | server-1 - HIGH RAM USAGE: 89.1%
2026-05-27 17:06:06,866 | WARNING | system | server-2 - HIGH RAM USAGE: 89.5%
2026-05-27 17:06:06,867 | WARNING | system | server-3 - HIGH RAM USAGE: 87.4%
2026-05-27 17:06:10,408 | ERROR | system | Email notification failed: [WinError 10060] A connection attempt failed because the connected party did not properly respond after a period of time, or established connection failed because connected host has failed to respond
2026-05-27 17:06:10,461 | INFO | system | Metrics endpoint called
2026-05-27 17:06:10,574 | ERROR | system | Email notification failed: [WinError 10060] A connection attempt failed because the connected party did not properly respond after a period of time, or established connection failed because connected host has failed to respond
2026-05-27 17:06:10,882 | INFO | system | Metrics endpoint called
2026-05-27 17:06:14,517 | WARNING | system | server-1 - HIGH RAM USAGE: 86.9%
2026-05-27 17:06:14,616 | WARNING | system | server-2 - HIGH RAM USAGE: 87.0%
2026-05-27 17:06:14,691 | WARNING | system | server-3 - HIGH RAM USAGE: 85.5%
2026-05-27 17:06:15,209 | WARNING | system | server-1 - HIGH RAM USAGE: 88.5%
2026-05-27 17:06:15,215 | WARNING | system | server-2 - HIGH RAM USAGE: 88.5%
2026-05-27 17:06:15,216 | WARNING | system | server-3 - HIGH RAM USAGE: 86.0%
2026-05-27 17:06:20,976 | ERROR | system | Email notification failed: [WinError 10060] A connection attempt failed because the connected party did not properly respond after a period of time, or established connection failed because connected host has failed to respond
2026-05-27 17:06:20,985 | INFO | system | Metrics endpoint called
2026-05-27 17:06:23,382 | WARNING | system | server-1 - HIGH RAM USAGE: 89.4%
2026-05-27 17:06:23,384 | WARNING | system | server-2 - HIGH RAM USAGE: 90.2%
2026-05-27 17:06:23,385 | WARNING | system | server-3 - HIGH RAM USAGE: 90.4%
2026-05-27 17:06:23,610 | ERROR | system | Email notification failed: [WinError 10060] A connection attempt failed because the connected party did not properly respond after a period of time, or established connection failed because connected host has failed to respond
2026-05-27 17:06:23,655 | INFO | system | Metrics endpoint called
2026-05-27 17:06:25,846 | WARNING | system | server-1 - HIGH RAM USAGE: 90.3%
2026-05-27 17:06:25,847 | WARNING | system | server-3 - HIGH RAM USAGE: 88.8%
2026-05-27 17:06:25,935 | ERROR | system | Email notification failed: [WinError 10060] A connection attempt failed because the connected party did not properly respond after a period of time, or established connection failed because connected host has failed to respond
2026-05-27 17:06:25,943 | INFO | system | Metrics endpoint called
2026-05-27 17:06:28,026 | ERROR | system | Email notification failed: [WinError 10060] A connection attempt failed because the connected party did not properly respond after a period of time, or established connection failed because connected host has failed to respond
2026-05-27 17:06:28,137 | WARNING | system | server-1 - HIGH RAM USAGE: 87.4%
2026-05-27 17:06:28,139 | WARNING | system | server-2 - HIGH RAM USAGE: 90.6%
2026-05-27 17:06:28,186 | INFO | system | Metrics endpoint called
2026-05-27 17:06:30,406 | WARNING | system | server-1 - HIGH RAM USAGE: 86.6%
2026-05-27 17:06:30,407 | WARNING | system | server-2 - HIGH RAM USAGE: 90.0%
2026-05-27 17:06:30,408 | WARNING | system | server-3 - HIGH RAM USAGE: 88.5%
2026-05-27 17:06:36,238 | ERROR | system | Email notification failed: [WinError 10060] A connection attempt failed because the connected party did not properly respond after a period of time, or established connection failed because connected host has failed to respond
2026-05-27 17:06:36,294 | INFO | system | Metrics endpoint called
2026-05-27 17:06:36,367 | ERROR | system | Email notification failed: [WinError 10060] A connection attempt failed because the connected party did not properly respond after a period of time, or established connection failed because connected host has failed to respond
2026-05-27 17:06:36,653 | INFO | system | Metrics endpoint called
2026-05-27 17:06:40,431 | WARNING | system | server-1 - HIGH RAM USAGE: 87.4%
2026-05-27 17:06:40,514 | WARNING | system | server-2 - HIGH RAM USAGE: 86.7%
2026-05-27 17:06:40,598 | WARNING | system | server-3 - HIGH RAM USAGE: 86.5%
2026-05-27 17:06:40,845 | WARNING | system | server-2 - HIGH RAM USAGE: 85.6%
2026-05-27 17:06:40,846 | WARNING | system | server-3 - HIGH RAM USAGE: 87.0%
2026-05-27 17:06:44,512 | ERROR | system | Email notification failed: [WinError 10060] A connection attempt failed because the connected party did not properly respond after a period of time, or established connection failed because connected host has failed to respond
2026-05-27 17:06:44,522 | INFO | system | Metrics endpoint called
2026-05-27 17:06:47,137 | WARNING | system | server-1 - HIGH RAM USAGE: 87.1%
2026-05-27 17:06:47,137 | WARNING | system | server-2 - HIGH RAM USAGE: 89.7%
2026-05-27 17:06:47,139 | WARNING | system | server-3 - HIGH RAM USAGE: 89.1%
2026-05-27 17:06:47,306 | ERROR | system | Email notification failed: [WinError 10060] A connection attempt failed because the connected party did not properly respond after a period of time, or established connection failed because connected host has failed to respond
2026-05-27 17:06:47,312 | INFO | system | Metrics endpoint called
2026-05-27 17:06:49,542 | ERROR | system | Email notification failed: [WinError 10060] A connection attempt failed because the connected party did not properly respond after a period of time, or established connection failed because connected host has failed to respond
2026-05-27 17:06:49,617 | WARNING | system | server-1 - HIGH RAM USAGE: 90.5%
2026-05-27 17:06:49,618 | WARNING | system | server-2 - HIGH RAM USAGE: 87.0%
2026-05-27 17:06:49,619 | WARNING | system | server-3 - HIGH RAM USAGE: 85.3%
2026-05-27 17:06:49,661 | INFO | system | Metrics endpoint called
2026-05-27 17:06:51,569 | ERROR | system | Email notification failed: [WinError 10060] A connection attempt failed because the connected party did not properly respond after a period of time, or established connection failed because connected host has failed to respond
2026-05-27 17:06:51,805 | INFO | system | Metrics endpoint called
2026-05-27 17:06:51,989 | WARNING | system | server-1 - HIGH RAM USAGE: 90.9%
2026-05-27 17:06:51,990 | WARNING | system | server-2 - HIGH RAM USAGE: 85.2%
2026-05-27 17:06:51,992 | WARNING | system | server-3 - HIGH RAM USAGE: 90.6%
2026-05-27 17:06:54,318 | WARNING | system | server-1 - HIGH RAM USAGE: 91.0%
2026-05-27 17:06:54,318 | WARNING | system | server-2 - HIGH RAM USAGE: 85.6%
2026-05-27 17:06:54,319 | WARNING | system | server-3 - HIGH RAM USAGE: 87.6%
2026-05-27 17:07:01,950 | ERROR | system | Email notification failed: [WinError 10060] A connection attempt failed because the connected party did not properly respond after a period of time, or established connection failed because connected host has failed to respond
2026-05-27 17:07:01,964 | ERROR | system | Email notification failed: [WinError 10060] A connection attempt failed because the connected party did not properly respond after a period of time, or established connection failed because connected host has failed to respond
2026-05-27 17:07:01,982 | INFO | system | Metrics endpoint called
2026-05-27 17:07:02,172 | INFO | system | Metrics endpoint called
2026-05-27 17:07:06,466 | WARNING | system | server-1 - HIGH RAM USAGE: 89.2%
2026-05-27 17:07:06,586 | WARNING | system | server-2 - HIGH RAM USAGE: 90.1%
2026-05-27 17:07:06,660 | WARNING | system | server-3 - HIGH RAM USAGE: 88.4%
2026-05-27 17:07:06,866 | WARNING | system | server-1 - HIGH RAM USAGE: 91.9%
2026-05-27 17:07:06,868 | WARNING | system | server-2 - HIGH RAM USAGE: 88.2%
2026-05-27 17:07:06,869 | WARNING | system | server-3 - HIGH RAM USAGE: 86.1%
2026-05-27 17:07:08,292 | ERROR | system | Email notification failed: [WinError 10060] A connection attempt failed because the connected party did not properly respond after a period of time, or established connection failed because connected host has failed to respond
2026-05-27 17:07:08,298 | INFO | system | Metrics endpoint called
2026-05-27 17:07:10,483 | WARNING | system | server-1 - HIGH RAM USAGE: 88.8%
2026-05-27 17:07:10,484 | WARNING | system | server-2 - HIGH RAM USAGE: 89.4%
2026-05-27 17:07:10,485 | WARNING | system | server-3 - HIGH RAM USAGE: 89.4%
2026-05-27 17:07:10,867 | ERROR | system | Email notification failed: [WinError 10060] A connection attempt failed because the connected party did not properly respond after a period of time, or established connection failed because connected host has failed to respond
2026-05-27 17:07:10,913 | INFO | system | Metrics endpoint called
2026-05-27 17:07:13,186 | WARNING | system | server-1 - HIGH RAM USAGE: 87.0%
2026-05-27 17:07:13,186 | WARNING | system | server-2 - HIGH RAM USAGE: 85.5%
2026-05-27 17:07:13,187 | WARNING | system | server-3 - HIGH RAM USAGE: 87.2%
2026-05-27 17:07:13,467 | ERROR | system | Email notification failed: [WinError 10060] A connection attempt failed because the connected party did not properly respond after a period of time, or established connection failed because connected host has failed to respond
2026-05-27 17:07:13,473 | INFO | system | Metrics endpoint called
2026-05-27 17:07:15,490 | ERROR | system | Email notification failed: [WinError 10060] A connection attempt failed because the connected party did not properly respond after a period of time, or established connection failed because connected host has failed to respond
2026-05-27 17:07:15,673 | INFO | system | Metrics endpoint called
2026-05-27 17:07:15,754 | WARNING | system | server-2 - HIGH RAM USAGE: 85.1%
2026-05-27 17:07:15,756 | WARNING | system | server-3 - HIGH RAM USAGE: 87.4%
2026-05-27 17:07:18,009 | WARNING | system | server-2 - HIGH RAM USAGE: 88.9%
2026-05-27 17:07:18,011 | WARNING | system | server-3 - HIGH RAM USAGE: 87.3%
2026-05-27 17:07:28,020 | ERROR | system | Email notification failed: [WinError 10060] A connection attempt failed because the connected party did not properly respond after a period of time, or established connection failed because connected host has failed to respond
2026-05-27 17:07:28,035 | ERROR | system | Email notification failed: [WinError 10060] A connection attempt failed because the connected party did not properly respond after a period of time, or established connection failed because connected host has failed to respond
2026-05-27 17:07:28,042 | INFO | system | Metrics endpoint called
2026-05-27 17:07:28,451 | INFO | system | Metrics endpoint called
2026-05-27 17:07:31,761 | ERROR | system | Email notification failed: [WinError 10060] A connection attempt failed because the connected party did not properly respond after a period of time, or established connection failed because connected host has failed to respond
2026-05-27 17:07:31,821 | WARNING | system | server-1 - HIGH RAM USAGE: 89.3%
2026-05-27 17:07:31,929 | WARNING | system | server-2 - HIGH CPU USAGE: 88.0%
2026-05-27 17:07:32,042 | WARNING | system | server-3 - HIGH RAM USAGE: 89.2%
2026-05-27 17:07:32,425 | INFO | system | Metrics endpoint called
2026-05-27 17:07:32,564 | WARNING | system | server-1 - HIGH RAM USAGE: 87.0%
2026-05-27 17:07:32,566 | WARNING | system | server-2 - HIGH RAM USAGE: 89.7%
2026-05-27 17:07:32,566 | WARNING | system | server-3 - HIGH RAM USAGE: 87.4%
2026-05-27 17:07:34,383 | ERROR | system | Email notification failed: [WinError 10060] A connection attempt failed because the connected party did not properly respond after a period of time, or established connection failed because connected host has failed to respond
2026-05-27 17:07:34,580 | INFO | system | Metrics endpoint called
2026-05-27 17:07:34,788 | WARNING | system | server-1 - HIGH RAM USAGE: 86.3%
2026-05-27 17:07:34,789 | WARNING | system | server-2 - HIGH RAM USAGE: 87.2%
2026-05-27 17:07:34,878 | WARNING | system | server-3 - HIGH RAM USAGE: 89.4%
2026-05-27 17:07:36,977 | WARNING | system | server-1 - HIGH RAM USAGE: 86.2%
2026-05-27 17:07:36,978 | WARNING | system | server-2 - HIGH RAM USAGE: 88.3%
2026-05-27 17:07:36,979 | WARNING | system | server-3 - HIGH RAM USAGE: 87.8%
2026-05-27 17:07:37,339 | ERROR | system | Email notification failed: [WinError 10060] A connection attempt failed because the connected party did not properly respond after a period of time, or established connection failed because connected host has failed to respond
2026-05-27 17:07:37,348 | INFO | system | Metrics endpoint called
2026-05-27 17:07:39,204 | ERROR | system | Email notification failed: [WinError 10060] A connection attempt failed because the connected party did not properly respond after a period of time, or established connection failed because connected host has failed to respond
2026-05-27 17:07:39,556 | WARNING | system | server-1 - HIGH RAM USAGE: 85.5%
2026-05-27 17:07:39,559 | WARNING | system | server-2 - HIGH RAM USAGE: 85.3%
2026-05-27 17:07:39,560 | WARNING | system | server-3 - HIGH RAM USAGE: 88.8%
2026-05-27 17:07:39,566 | INFO | system | Metrics endpoint called
2026-05-27 17:07:41,755 | WARNING | system | server-2 - HIGH RAM USAGE: 87.1%
2026-05-27 17:07:41,756 | WARNING | system | server-3 - HIGH RAM USAGE: 89.4%
2026-05-27 17:07:53,538 | ERROR | system | Email notification failed: [WinError 10060] A connection attempt failed because the connected party did not properly respond after a period of time, or established connection failed because connected host has failed to respond
2026-05-27 17:07:53,547 | INFO | system | Metrics endpoint called
2026-05-27 17:07:54,219 | ERROR | system | Email notification failed: [WinError 10060] A connection attempt failed because the connected party did not properly respond after a period of time, or established connection failed because connected host has failed to respond
2026-05-27 17:07:54,974 | INFO | system | Metrics endpoint called
2026-05-27 17:07:56,543 | ERROR | system | Email notification failed: [WinError 10060] A connection attempt failed because the connected party did not properly respond after a period of time, or established connection failed because connected host has failed to respond
2026-05-27 17:07:56,874 | INFO | system | Metrics endpoint called
2026-05-27 17:07:56,878 | WARNING | system | server-1 - HIGH RAM USAGE: 87.8%
2026-05-27 17:07:57,095 | WARNING | system | server-2 - HIGH RAM USAGE: 88.3%
2026-05-27 17:07:58,164 | ERROR | system | Email notification failed: [WinError 10060] A connection attempt failed because the connected party did not properly respond after a period of time, or established connection failed because connected host has failed to respond
2026-05-27 17:07:58,570 | INFO | system | Metrics endpoint called
2026-05-27 17:07:59,646 | WARNING | system | server-2 - HIGH RAM USAGE: 87.2%
2026-05-27 17:07:59,764 | WARNING | system | server-3 - HIGH RAM USAGE: 86.6%
2026-05-27 17:08:01,014 | ERROR | system | Email notification failed: [WinError 10060] A connection attempt failed because the connected party did not properly respond after a period of time, or established connection failed because connected host has failed to respond
2026-05-27 17:08:02,104 | WARNING | system | server-1 - HIGH RAM USAGE: 88.2%
2026-05-27 17:08:02,133 | INFO | system | Metrics endpoint called
2026-05-27 17:08:02,222 | WARNING | system | server-2 - HIGH RAM USAGE: 89.1%
2026-05-27 17:08:02,377 | WARNING | system | server-3 - HIGH RAM USAGE: 88.2%
2026-05-27 17:08:03,144 | ERROR | system | Email notification failed: [WinError 10060] A connection attempt failed because the connected party did not properly respond after a period of time, or established connection failed because connected host has failed to respond
2026-05-27 17:08:03,419 | WARNING | system | server-1 - HIGH RAM USAGE: 86.7%
2026-05-27 17:08:03,434 | INFO | system | Metrics endpoint called
2026-05-27 17:08:03,491 | WARNING | system | server-2 - HIGH RAM USAGE: 87.9%
2026-05-27 17:08:03,690 | WARNING | system | server-3 - HIGH RAM USAGE: 88.6%
2026-05-27 17:08:07,106 | WARNING | system | server-2 - HIGH RAM USAGE: 86.0%
2026-05-27 17:08:07,188 | WARNING | system | server-3 - HIGH RAM USAGE: 86.4%
2026-05-27 17:08:07,843 | WARNING | system | server-1 - HIGH RAM USAGE: 85.1%
2026-05-27 17:08:07,844 | WARNING | system | server-2 - HIGH RAM USAGE: 85.7%
2026-05-27 17:08:18,760 | ERROR | system | Email notification failed: [WinError 10060] A connection attempt failed because the connected party did not properly respond after a period of time, or established connection failed because connected host has failed to respond
2026-05-27 17:08:18,815 | INFO | system | Metrics endpoint called
2026-05-27 17:08:21,279 | WARNING | system | server-1 - HIGH RAM USAGE: 87.2%
2026-05-27 17:08:21,280 | WARNING | system | server-2 - HIGH RAM USAGE: 86.6%
2026-05-27 17:08:21,281 | WARNING | system | server-3 - HIGH RAM USAGE: 86.8%
2026-05-27 17:08:21,788 | ERROR | system | Email notification failed: [WinError 10060] A connection attempt failed because the connected party did not properly respond after a period of time, or established connection failed because connected host has failed to respond
2026-05-27 17:08:21,799 | INFO | system | Metrics endpoint called
2026-05-27 17:08:24,149 | ERROR | system | Email notification failed: [WinError 10060] A connection attempt failed because the connected party did not properly respond after a period of time, or established connection failed because connected host has failed to respond
2026-05-27 17:08:24,241 | WARNING | system | server-1 - HIGH RAM USAGE: 85.2%
2026-05-27 17:08:24,243 | WARNING | system | server-2 - HIGH RAM USAGE: 87.6%
2026-05-27 17:08:24,243 | WARNING | system | server-3 - HIGH RAM USAGE: 90.0%
2026-05-27 17:08:24,246 | INFO | system | Metrics endpoint called
2026-05-27 17:08:25,512 | ERROR | system | Email notification failed: [WinError 10060] A connection attempt failed because the connected party did not properly respond after a period of time, or established connection failed because connected host has failed to respond
2026-05-27 17:08:26,128 | INFO | system | Metrics endpoint called
2026-05-27 17:08:26,512 | WARNING | system | server-1 - HIGH RAM USAGE: 89.6%
2026-05-27 17:08:26,514 | WARNING | system | server-2 - HIGH RAM USAGE: 89.6%
2026-05-27 17:08:26,559 | WARNING | system | server-3 - HIGH RAM USAGE: 85.6%
2026-05-27 17:08:28,662 | WARNING | system | server-1 - HIGH RAM USAGE: 88.8%
2026-05-27 17:08:28,662 | WARNING | system | server-2 - HIGH RAM USAGE: 86.0%
2026-05-27 17:08:28,664 | WARNING | system | server-3 - HIGH RAM USAGE: 90.0%
2026-05-27 17:08:28,816 | ERROR | system | Email notification failed: [WinError 10060] A connection attempt failed because the connected party did not properly respond after a period of time, or established connection failed because connected host has failed to respond
2026-05-27 17:08:28,870 | INFO | system | Metrics endpoint called
2026-05-27 17:08:29,036 | ERROR | system | Email notification failed: [WinError 10060] A connection attempt failed because the connected party did not properly respond after a period of time, or established connection failed because connected host has failed to respond
2026-05-27 17:08:29,235 | INFO | system | Metrics endpoint called
2026-05-27 17:08:32,672 | WARNING | system | server-2 - HIGH RAM USAGE: 90.7%
2026-05-27 17:08:32,773 | WARNING | system | server-3 - HIGH RAM USAGE: 85.4%
2026-05-27 17:08:33,480 | WARNING | system | server-1 - HIGH RAM USAGE: 88.7%
2026-05-27 17:08:33,481 | WARNING | system | server-2 - HIGH RAM USAGE: 90.1%
2026-05-27 17:08:33,482 | WARNING | system | server-3 - HIGH RAM USAGE: 86.9%
2026-05-27 17:08:42,395 | ERROR | system | Email notification failed: [WinError 10060] A connection attempt failed because the connected party did not properly respond after a period of time, or established connection failed because connected host has failed to respond
2026-05-27 17:08:42,452 | INFO | system | Metrics endpoint called
2026-05-27 17:08:44,796 | WARNING | system | server-1 - HIGH CPU USAGE: 100.0%
2026-05-27 17:08:44,797 | WARNING | system | server-1 - HIGH RAM USAGE: 89.3%
2026-05-27 17:08:44,798 | WARNING | system | server-2 - HIGH RAM USAGE: 87.5%
2026-05-27 17:08:44,799 | WARNING | system | server-3 - HIGH RAM USAGE: 89.4%
2026-05-27 17:08:45,588 | ERROR | system | Email notification failed: [WinError 10060] A connection attempt failed because the connected party did not properly respond after a period of time, or established connection failed because connected host has failed to respond
2026-05-27 17:08:45,636 | INFO | system | Metrics endpoint called
2026-05-27 17:08:48,002 | WARNING | system | server-1 - HIGH RAM USAGE: 90.4%
2026-05-27 17:08:48,002 | WARNING | system | server-2 - HIGH RAM USAGE: 87.6%
2026-05-27 17:08:48,003 | WARNING | system | server-3 - HIGH RAM USAGE: 88.4%
2026-05-27 17:08:48,185 | ERROR | system | Email notification failed: [WinError 10060] A connection attempt failed because the connected party did not properly respond after a period of time, or established connection failed because connected host has failed to respond
2026-05-27 17:08:48,196 | INFO | system | Metrics endpoint called
2026-05-27 17:08:49,835 | ERROR | system | Email notification failed: [WinError 10060] A connection attempt failed because the connected party did not properly respond after a period of time, or established connection failed because connected host has failed to respond
2026-05-27 17:08:50,508 | INFO | system | Metrics endpoint called
2026-05-27 17:08:50,530 | WARNING | system | server-1 - HIGH RAM USAGE: 89.0%
2026-05-27 17:08:50,535 | WARNING | system | server-2 - HIGH RAM USAGE: 89.7%
2026-05-27 17:08:50,536 | WARNING | system | server-3 - HIGH RAM USAGE: 88.4%
2026-05-27 17:08:52,907 | WARNING | system | server-1 - HIGH RAM USAGE: 88.3%
2026-05-27 17:08:52,909 | WARNING | system | server-2 - HIGH RAM USAGE: 88.5%
2026-05-27 17:08:52,910 | WARNING | system | server-3 - HIGH RAM USAGE: 90.5%
2026-05-27 17:08:54,317 | ERROR | system | Email notification failed: [WinError 10060] A connection attempt failed because the connected party did not properly respond after a period of time, or established connection failed because connected host has failed to respond
2026-05-27 17:08:54,326 | INFO | system | Metrics endpoint called
2026-05-27 17:08:54,775 | ERROR | system | Email notification failed: [WinError 10060] A connection attempt failed because the connected party did not properly respond after a period of time, or established connection failed because connected host has failed to respond
2026-05-27 17:08:55,027 | INFO | system | Metrics endpoint called
2026-05-27 17:08:58,518 | WARNING | system | server-1 - HIGH RAM USAGE: 89.2%
2026-05-27 17:08:58,596 | WARNING | system | server-2 - HIGH RAM USAGE: 91.1%
2026-05-27 17:08:58,673 | WARNING | system | server-3 - HIGH RAM USAGE: 85.4%
2026-05-27 17:08:59,504 | WARNING | system | server-1 - HIGH RAM USAGE: 90.7%
2026-05-27 17:08:59,505 | WARNING | system | server-2 - HIGH RAM USAGE: 88.5%
2026-05-27 17:08:59,507 | WARNING | system | server-3 - HIGH RAM USAGE: 87.4%
2026-05-27 17:09:06,159 | ERROR | system | Email notification failed: [WinError 10060] A connection attempt failed because the connected party did not properly respond after a period of time, or established connection failed because connected host has failed to respond
2026-05-27 17:09:06,217 | INFO | system | Metrics endpoint called
2026-05-27 17:09:08,997 | WARNING | system | server-1 - HIGH RAM USAGE: 85.8%
2026-05-27 17:09:08,997 | WARNING | system | server-2 - HIGH RAM USAGE: 88.4%
2026-05-27 17:09:08,999 | WARNING | system | server-3 - HIGH RAM USAGE: 88.2%
2026-05-27 17:09:09,235 | ERROR | system | Email notification failed: [WinError 10060] A connection attempt failed because the connected party did not properly respond after a period of time, or established connection failed because connected host has failed to respond
2026-05-27 17:09:09,243 | INFO | system | Metrics endpoint called
2026-05-27 17:09:11,574 | WARNING | system | server-1 - HIGH RAM USAGE: 90.4%
2026-05-27 17:09:11,574 | WARNING | system | server-2 - HIGH RAM USAGE: 91.1%
2026-05-27 17:09:11,576 | WARNING | system | server-3 - HIGH RAM USAGE: 87.8%
2026-05-27 17:09:12,105 | ERROR | system | Email notification failed: [WinError 10060] A connection attempt failed because the connected party did not properly respond after a period of time, or established connection failed because connected host has failed to respond
2026-05-27 17:09:12,169 | INFO | system | Metrics endpoint called
2026-05-27 17:09:14,159 | ERROR | system | Email notification failed: [WinError 10060] A connection attempt failed because the connected party did not properly respond after a period of time, or established connection failed because connected host has failed to respond
2026-05-27 17:09:14,443 | INFO | system | Metrics endpoint called
2026-05-27 17:09:15,046 | WARNING | system | server-1 - HIGH RAM USAGE: 86.4%
2026-05-27 17:09:15,109 | WARNING | system | server-2 - HIGH RAM USAGE: 87.7%
2026-05-27 17:09:15,197 | WARNING | system | server-3 - HIGH RAM USAGE: 85.7%
2026-05-27 17:09:17,342 | WARNING | system | server-1 - HIGH RAM USAGE: 90.8%
2026-05-27 17:09:17,343 | WARNING | system | server-2 - HIGH RAM USAGE: 88.1%
2026-05-27 17:09:17,344 | WARNING | system | server-3 - HIGH RAM USAGE: 90.3%
2026-05-27 17:09:20,271 | ERROR | system | Email notification failed: [WinError 10060] A connection attempt failed because the connected party did not properly respond after a period of time, or established connection failed because connected host has failed to respond
2026-05-27 17:09:20,280 | INFO | system | Metrics endpoint called
2026-05-27 17:09:20,682 | ERROR | system | Email notification failed: [WinError 10060] A connection attempt failed because the connected party did not properly respond after a period of time, or established connection failed because connected host has failed to respond
2026-05-27 17:09:21,324 | INFO | system | Metrics endpoint called
2026-05-27 17:09:23,763 | WARNING | system | server-1 - HIGH RAM USAGE: 88.6%
2026-05-27 17:09:23,846 | WARNING | system | server-2 - HIGH RAM USAGE: 87.5%
2026-05-27 17:09:23,957 | WARNING | system | server-3 - HIGH RAM USAGE: 87.9%
2026-05-27 17:09:24,881 | WARNING | system | server-1 - HIGH RAM USAGE: 91.5%
2026-05-27 17:09:24,883 | WARNING | system | server-2 - HIGH RAM USAGE: 91.0%
2026-05-27 17:09:24,884 | WARNING | system | server-3 - HIGH RAM USAGE: 88.1%
2026-05-27 17:09:30,154 | ERROR | system | Email notification failed: [WinError 10060] A connection attempt failed because the connected party did not properly respond after a period of time, or established connection failed because connected host has failed to respond
2026-05-27 17:09:30,165 | INFO | system | Metrics endpoint called
2026-05-27 17:09:32,402 | WARNING | system | server-1 - HIGH RAM USAGE: 88.8%
2026-05-27 17:09:32,403 | WARNING | system | server-2 - HIGH RAM USAGE: 90.8%
2026-05-27 17:09:32,403 | WARNING | system | server-3 - HIGH RAM USAGE: 91.2%
2026-05-27 17:09:32,722 | ERROR | system | Email notification failed: [WinError 10060] A connection attempt failed because the connected party did not properly respond after a period of time, or established connection failed because connected host has failed to respond
2026-05-27 17:09:32,781 | INFO | system | Metrics endpoint called
2026-05-27 17:09:34,997 | WARNING | system | server-1 - HIGH RAM USAGE: 88.0%
2026-05-27 17:09:34,998 | WARNING | system | server-2 - HIGH RAM USAGE: 88.1%
2026-05-27 17:09:34,999 | WARNING | system | server-3 - HIGH RAM USAGE: 88.5%
2026-05-27 17:09:36,855 | ERROR | system | Email notification failed: [WinError 10060] A connection attempt failed because the connected party did not properly respond after a period of time, or established connection failed because connected host has failed to respond
2026-05-27 17:09:36,864 | INFO | system | Metrics endpoint called
2026-05-27 17:09:38,519 | ERROR | system | Email notification failed: [WinError 10060] A connection attempt failed because the connected party did not properly respond after a period of time, or established connection failed because connected host has failed to respond
2026-05-27 17:09:38,746 | INFO | system | Metrics endpoint called
2026-05-27 17:09:40,059 | WARNING | system | server-1 - HIGH RAM USAGE: 90.1%
2026-05-27 17:09:40,240 | WARNING | system | server-2 - HIGH RAM USAGE: 87.3%
2026-05-27 17:09:40,346 | WARNING | system | server-3 - HIGH RAM USAGE: 88.4%
2026-05-27 17:09:42,149 | WARNING | system | server-1 - HIGH RAM USAGE: 91.7%
2026-05-27 17:09:42,149 | WARNING | system | server-2 - HIGH RAM USAGE: 90.1%
2026-05-27 17:09:42,152 | WARNING | system | server-3 - HIGH RAM USAGE: 86.3%
2026-05-27 17:09:45,506 | ERROR | system | Email notification failed: [WinError 10060] A connection attempt failed because the connected party did not properly respond after a period of time, or established connection failed because connected host has failed to respond
2026-05-27 17:09:45,559 | INFO | system | Metrics endpoint called
2026-05-27 17:09:46,045 | ERROR | system | Email notification failed: [WinError 10060] A connection attempt failed because the connected party did not properly respond after a period of time, or established connection failed because connected host has failed to respond
2026-05-27 17:09:46,261 | INFO | system | Metrics endpoint called
2026-05-27 17:09:49,629 | WARNING | system | server-1 - HIGH RAM USAGE: 86.5%
2026-05-27 17:09:49,709 | WARNING | system | server-2 - HIGH RAM USAGE: 90.8%
2026-05-27 17:09:49,766 | WARNING | system | server-3 - HIGH RAM USAGE: 91.3%
2026-05-27 17:09:50,649 | WARNING | system | server-1 - HIGH RAM USAGE: 91.1%
2026-05-27 17:09:50,649 | WARNING | system | server-2 - HIGH RAM USAGE: 86.0%
2026-05-27 17:09:50,650 | WARNING | system | server-3 - HIGH RAM USAGE: 91.3%
2026-05-27 17:09:53,584 | ERROR | system | Email notification failed: [WinError 10060] A connection attempt failed because the connected party did not properly respond after a period of time, or established connection failed because connected host has failed to respond
2026-05-27 17:09:53,640 | INFO | system | Metrics endpoint called
2026-05-27 17:09:56,178 | ERROR | system | Email notification failed: [WinError 10060] A connection attempt failed because the connected party did not properly respond after a period of time, or established connection failed because connected host has failed to respond
2026-05-27 17:09:56,226 | WARNING | system | server-1 - HIGH RAM USAGE: 90.0%
2026-05-27 17:09:56,228 | WARNING | system | server-2 - HIGH RAM USAGE: 89.4%
2026-05-27 17:09:56,229 | WARNING | system | server-3 - HIGH RAM USAGE: 87.6%
2026-05-27 17:09:56,234 | INFO | system | Metrics endpoint called
2026-05-27 17:09:58,637 | WARNING | system | server-1 - HIGH RAM USAGE: 88.3%
2026-05-27 17:09:58,638 | WARNING | system | server-2 - HIGH RAM USAGE: 86.3%
2026-05-27 17:09:58,638 | WARNING | system | server-3 - HIGH RAM USAGE: 85.1%
2026-05-27 17:10:01,995 | ERROR | system | Email notification failed: [WinError 10060] A connection attempt failed because the connected party did not properly respond after a period of time, or established connection failed because connected host has failed to respond
2026-05-27 17:10:02,005 | INFO | system | Metrics endpoint called
2026-05-27 17:10:03,319 | ERROR | system | Email notification failed: [WinError 10060] A connection attempt failed because the connected party did not properly respond after a period of time, or established connection failed because connected host has failed to respond
2026-05-27 17:10:03,946 | INFO | system | Metrics endpoint called
2026-05-27 17:10:04,770 | WARNING | system | server-1 - HIGH RAM USAGE: 88.0%
2026-05-27 17:10:04,881 | WARNING | system | server-2 - HIGH RAM USAGE: 86.3%
2026-05-27 17:10:04,912 | WARNING | system | server-3 - HIGH RAM USAGE: 85.5%
2026-05-27 17:10:06,750 | WARNING | system | server-1 - HIGH RAM USAGE: 90.1%
2026-05-27 17:10:06,751 | WARNING | system | server-2 - HIGH RAM USAGE: 89.0%
2026-05-27 17:10:06,752 | WARNING | system | server-3 - HIGH RAM USAGE: 86.8%
2026-05-27 17:10:11,295 | ERROR | system | Email notification failed: [WinError 10060] A connection attempt failed because the connected party did not properly respond after a period of time, or established connection failed because connected host has failed to respond
2026-05-27 17:10:11,306 | INFO | system | Metrics endpoint called
2026-05-27 17:10:11,899 | ERROR | system | Email notification failed: [WinError 10060] A connection attempt failed because the connected party did not properly respond after a period of time, or established connection failed because connected host has failed to respond
2026-05-27 17:10:12,836 | INFO | system | Metrics endpoint called
2026-05-27 17:10:15,007 | WARNING | system | server-1 - HIGH RAM USAGE: 89.8%
2026-05-27 17:10:15,077 | WARNING | system | server-2 - HIGH RAM USAGE: 89.4%
2026-05-27 17:10:15,192 | WARNING | system | server-3 - HIGH RAM USAGE: 91.1%
2026-05-27 17:10:16,236 | WARNING | system | server-1 - HIGH RAM USAGE: 87.5%
2026-05-27 17:10:16,237 | WARNING | system | server-2 - HIGH RAM USAGE: 86.1%
2026-05-27 17:10:16,238 | WARNING | system | server-3 - HIGH RAM USAGE: 88.7%
2026-05-27 17:10:17,560 | ERROR | system | Email notification failed: [WinError 10060] A connection attempt failed because the connected party did not properly respond after a period of time, or established connection failed because connected host has failed to respond
2026-05-27 17:10:17,571 | INFO | system | Metrics endpoint called
2026-05-27 17:10:19,808 | ERROR | system | Email notification failed: [WinError 10060] A connection attempt failed because the connected party did not properly respond after a period of time, or established connection failed because connected host has failed to respond
2026-05-27 17:10:20,003 | INFO | system | Metrics endpoint called
2026-05-27 17:10:20,225 | WARNING | system | server-1 - HIGH RAM USAGE: 86.4%
2026-05-27 17:10:20,227 | WARNING | system | server-2 - HIGH RAM USAGE: 86.1%
2026-05-27 17:10:20,228 | WARNING | system | server-3 - HIGH RAM USAGE: 89.4%
2026-05-27 17:10:22,686 | WARNING | system | server-1 - HIGH RAM USAGE: 88.7%
2026-05-27 17:10:22,688 | WARNING | system | server-2 - HIGH RAM USAGE: 85.5%
2026-05-27 17:10:22,689 | WARNING | system | server-3 - HIGH RAM USAGE: 86.5%
2026-05-27 17:10:26,406 | ERROR | system | Email notification failed: [WinError 10060] A connection attempt failed because the connected party did not properly respond after a period of time, or established connection failed because connected host has failed to respond
2026-05-27 17:10:26,462 | INFO | system | Metrics endpoint called
2026-05-27 17:10:28,085 | ERROR | system | Email notification failed: [WinError 10060] A connection attempt failed because the connected party did not properly respond after a period of time, or established connection failed because connected host has failed to respond
2026-05-27 17:10:28,425 | INFO | system | Metrics endpoint called
2026-05-27 17:10:29,692 | WARNING | system | server-1 - HIGH RAM USAGE: 86.2%
2026-05-27 17:10:29,802 | WARNING | system | server-2 - HIGH RAM USAGE: 91.7%
2026-05-27 17:10:29,846 | WARNING | system | server-3 - HIGH RAM USAGE: 92.0%
2026-05-27 17:10:31,454 | WARNING | system | server-1 - HIGH RAM USAGE: 88.8%
2026-05-27 17:10:31,455 | WARNING | system | server-2 - HIGH RAM USAGE: 87.5%
2026-05-27 17:10:31,456 | WARNING | system | server-3 - HIGH RAM USAGE: 88.2%
2026-05-27 17:10:36,803 | ERROR | system | Email notification failed: [WinError 10060] A connection attempt failed because the connected party did not properly respond after a period of time, or established connection failed because connected host has failed to respond
2026-05-27 17:10:36,861 | INFO | system | Metrics endpoint called
2026-05-27 17:10:37,397 | ERROR | system | Email notification failed: [WinError 10060] A connection attempt failed because the connected party did not properly respond after a period of time, or established connection failed because connected host has failed to respond
2026-05-27 17:10:37,617 | INFO | system | Metrics endpoint called
2026-05-27 17:10:40,599 | WARNING | system | server-1 - HIGH RAM USAGE: 88.2%
2026-05-27 17:10:40,781 | WARNING | system | server-2 - HIGH RAM USAGE: 87.4%
2026-05-27 17:10:40,872 | WARNING | system | server-3 - HIGH RAM USAGE: 89.9%
2026-05-27 17:10:41,515 | WARNING | system | server-1 - HIGH RAM USAGE: 86.9%
2026-05-27 17:10:41,516 | WARNING | system | server-2 - HIGH RAM USAGE: 87.6%
2026-05-27 17:10:41,517 | WARNING | system | server-3 - HIGH RAM USAGE: 86.1%
2026-05-27 17:10:41,851 | ERROR | system | Email notification failed: [WinError 10060] A connection attempt failed because the connected party did not properly respond after a period of time, or established connection failed because connected host has failed to respond
2026-05-27 17:10:41,859 | INFO | system | Metrics endpoint called
2026-05-27 17:10:43,844 | ERROR | system | Email notification failed: [WinError 10060] A connection attempt failed because the connected party did not properly respond after a period of time, or established connection failed because connected host has failed to respond
2026-05-27 17:10:44,205 | WARNING | system | server-1 - HIGH RAM USAGE: 86.5%
2026-05-27 17:10:44,206 | WARNING | system | server-2 - HIGH RAM USAGE: 90.1%
2026-05-27 17:10:44,207 | WARNING | system | server-3 - HIGH RAM USAGE: 91.0%
2026-05-27 17:10:44,211 | INFO | system | Metrics endpoint called
2026-05-27 17:10:46,313 | WARNING | system | server-1 - HIGH RAM USAGE: 92.5%
2026-05-27 17:10:46,314 | WARNING | system | server-2 - HIGH RAM USAGE: 91.0%
2026-05-27 17:10:46,315 | WARNING | system | server-3 - HIGH RAM USAGE: 91.0%
2026-05-27 17:10:51,398 | ERROR | system | Email notification failed: [WinError 10060] A connection attempt failed because the connected party did not properly respond after a period of time, or established connection failed because connected host has failed to respond
2026-05-27 17:10:51,407 | INFO | system | Metrics endpoint called
2026-05-27 17:10:52,657 | ERROR | system | Email notification failed: [WinError 10060] A connection attempt failed because the connected party did not properly respond after a period of time, or established connection failed because connected host has failed to respond
2026-05-27 17:10:53,413 | INFO | system | Metrics endpoint called
2026-05-27 17:10:54,022 | WARNING | system | server-1 - HIGH RAM USAGE: 86.3%
2026-05-27 17:10:54,098 | WARNING | system | server-2 - HIGH RAM USAGE: 86.4%
2026-05-27 17:10:54,174 | WARNING | system | server-3 - HIGH RAM USAGE: 86.2%
2026-05-27 17:10:56,785 | WARNING | system | server-1 - HIGH RAM USAGE: 85.8%
2026-05-27 17:10:56,786 | WARNING | system | server-2 - HIGH RAM USAGE: 86.9%
2026-05-27 17:10:56,787 | WARNING | system | server-3 - HIGH RAM USAGE: 85.3%
2026-05-27 17:11:02,498 | ERROR | system | Email notification failed: [WinError 10060] A connection attempt failed because the connected party did not properly respond after a period of time, or established connection failed because connected host has failed to respond
2026-05-27 17:11:02,509 | INFO | system | Metrics endpoint called
2026-05-27 17:11:02,723 | ERROR | system | Email notification failed: [WinError 10060] A connection attempt failed because the connected party did not properly respond after a period of time, or established connection failed because connected host has failed to respond
2026-05-27 17:11:02,968 | INFO | system | Metrics endpoint called
2026-05-27 17:11:05,665 | ERROR | system | Email notification failed: [WinError 10060] A connection attempt failed because the connected party did not properly respond after a period of time, or established connection failed because connected host has failed to respond
2026-05-27 17:11:06,717 | WARNING | system | server-1 - HIGH RAM USAGE: 90.2%
2026-05-27 17:11:06,875 | WARNING | system | server-2 - HIGH RAM USAGE: 91.3%
2026-05-27 17:11:06,963 | INFO | system | Metrics endpoint called
2026-05-27 17:11:06,991 | WARNING | system | server-3 - HIGH RAM USAGE: 86.5%
2026-05-27 17:11:07,255 | WARNING | system | server-1 - HIGH RAM USAGE: 91.3%
2026-05-27 17:11:07,256 | WARNING | system | server-2 - HIGH RAM USAGE: 87.2%
2026-05-27 17:11:07,322 | WARNING | system | server-3 - HIGH RAM USAGE: 88.3%
2026-05-27 17:11:07,475 | ERROR | system | Email notification failed: [WinError 10060] A connection attempt failed because the connected party did not properly respond after a period of time, or established connection failed because connected host has failed to respond
2026-05-27 17:11:07,686 | INFO | system | Metrics endpoint called
2026-05-27 17:11:10,938 | WARNING | system | server-1 - HIGH RAM USAGE: 90.2%
2026-05-27 17:11:11,008 | WARNING | system | server-2 - HIGH RAM USAGE: 90.7%
2026-05-27 17:11:11,112 | WARNING | system | server-3 - HIGH RAM USAGE: 89.5%
2026-05-27 17:11:11,828 | WARNING | system | server-1 - HIGH RAM USAGE: 85.9%
2026-05-27 17:11:11,829 | WARNING | system | server-2 - HIGH RAM USAGE: 85.6%
2026-05-27 17:11:11,830 | WARNING | system | server-3 - HIGH RAM USAGE: 87.3%
2026-05-27 17:11:16,029 | ERROR | system | Email notification failed: [WinError 10060] A connection attempt failed because the connected party did not properly respond after a period of time, or established connection failed because connected host has failed to respond
2026-05-27 17:11:16,079 | INFO | system | Metrics endpoint called
2026-05-27 17:11:17,993 | ERROR | system | Email notification failed: [WinError 10060] A connection attempt failed because the connected party did not properly respond after a period of time, or established connection failed because connected host has failed to respond
2026-05-27 17:11:18,112 | INFO | system | Metrics endpoint called
2026-05-27 17:11:18,806 | WARNING | system | server-1 - HIGH RAM USAGE: 87.0%
2026-05-27 17:11:18,897 | WARNING | system | server-2 - HIGH RAM USAGE: 90.9%
2026-05-27 17:11:18,954 | WARNING | system | server-3 - HIGH RAM USAGE: 89.1%
2026-05-27 17:11:20,854 | WARNING | system | server-1 - HIGH RAM USAGE: 90.2%
2026-05-27 17:11:20,855 | WARNING | system | server-2 - HIGH RAM USAGE: 88.7%
2026-05-27 17:11:20,857 | WARNING | system | server-3 - HIGH RAM USAGE: 89.0%
2026-05-27 17:11:28,628 | ERROR | system | Email notification failed: [WinError 10060] A connection attempt failed because the connected party did not properly respond after a period of time, or established connection failed because connected host has failed to respond
2026-05-27 17:11:28,637 | INFO | system | Metrics endpoint called
2026-05-27 17:11:28,955 | ERROR | system | Email notification failed: [WinError 10060] A connection attempt failed because the connected party did not properly respond after a period of time, or established connection failed because connected host has failed to respond
2026-05-27 17:11:29,884 | INFO | system | Metrics endpoint called
2026-05-27 17:11:32,042 | WARNING | system | server-1 - HIGH RAM USAGE: 89.6%
2026-05-27 17:11:32,126 | WARNING | system | server-2 - HIGH RAM USAGE: 86.9%
2026-05-27 17:11:32,211 | WARNING | system | server-3 - HIGH RAM USAGE: 87.2%
2026-05-27 17:11:32,704 | ERROR | system | Email notification failed: [WinError 10060] A connection attempt failed because the connected party did not properly respond after a period of time, or established connection failed because connected host has failed to respond
2026-05-27 17:11:32,900 | INFO | system | Metrics endpoint called
2026-05-27 17:11:33,133 | ERROR | system | Email notification failed: [WinError 10060] A connection attempt failed because the connected party did not properly respond after a period of time, or established connection failed because connected host has failed to respond
2026-05-27 17:11:33,464 | WARNING | system | server-1 - HIGH RAM USAGE: 89.5%
2026-05-27 17:11:33,542 | WARNING | system | server-2 - HIGH RAM USAGE: 88.3%
2026-05-27 17:11:33,631 | WARNING | system | server-3 - HIGH RAM USAGE: 91.0%
2026-05-27 17:11:33,960 | INFO | system | Metrics endpoint called
2026-05-27 17:11:36,770 | WARNING | system | server-1 - HIGH RAM USAGE: 87.2%
2026-05-27 17:11:36,814 | WARNING | system | server-2 - HIGH RAM USAGE: 89.6%
2026-05-27 17:11:36,948 | WARNING | system | server-3 - HIGH RAM USAGE: 87.1%
2026-05-27 17:11:37,883 | WARNING | system | server-1 - HIGH RAM USAGE: 85.6%
2026-05-27 17:11:37,884 | WARNING | system | server-2 - HIGH RAM USAGE: 86.6%
2026-05-27 17:11:37,886 | WARNING | system | server-3 - HIGH RAM USAGE: 87.8%
2026-05-27 17:11:40,529 | ERROR | system | Email notification failed: [WinError 10060] A connection attempt failed because the connected party did not properly respond after a period of time, or established connection failed because connected host has failed to respond
2026-05-27 17:11:40,537 | INFO | system | Metrics endpoint called
2026-05-27 17:11:42,050 | ERROR | system | Email notification failed: [WinError 10060] A connection attempt failed because the connected party did not properly respond after a period of time, or established connection failed because connected host has failed to respond
2026-05-27 17:11:42,268 | INFO | system | Metrics endpoint called
2026-05-27 17:11:43,437 | WARNING | system | server-1 - HIGH RAM USAGE: 87.4%
2026-05-27 17:11:43,541 | WARNING | system | server-2 - HIGH RAM USAGE: 87.8%
2026-05-27 17:11:43,626 | WARNING | system | server-3 - HIGH RAM USAGE: 86.4%
2026-05-27 17:11:45,207 | WARNING | system | server-1 - HIGH RAM USAGE: 88.2%
2026-05-27 17:11:45,208 | WARNING | system | server-2 - HIGH RAM USAGE: 87.4%
2026-05-27 17:11:45,209 | WARNING | system | server-3 - HIGH RAM USAGE: 88.9%
2026-05-27 17:11:53,966 | ERROR | system | Email notification failed: [WinError 10060] A connection attempt failed because the connected party did not properly respond after a period of time, or established connection failed because connected host has failed to respond
2026-05-27 17:11:54,028 | INFO | system | Metrics endpoint called
2026-05-27 17:11:55,280 | ERROR | system | Email notification failed: [WinError 10060] A connection attempt failed because the connected party did not properly respond after a period of time, or established connection failed because connected host has failed to respond
2026-05-27 17:11:55,409 | INFO | system | Metrics endpoint called
2026-05-27 17:11:58,242 | WARNING | system | server-1 - HIGH RAM USAGE: 88.7%
2026-05-27 17:11:58,298 | WARNING | system | server-2 - HIGH RAM USAGE: 85.9%
2026-05-27 17:11:58,364 | WARNING | system | server-3 - HIGH CPU USAGE: 100.0%
2026-05-27 17:11:58,441 | WARNING | system | server-3 - HIGH RAM USAGE: 89.6%
2026-05-27 17:11:58,676 | ERROR | system | Email notification failed: [WinError 10060] A connection attempt failed because the connected party did not properly respond after a period of time, or established connection failed because connected host has failed to respond
2026-05-27 17:11:59,125 | ERROR | system | Email notification failed: [WinError 10060] A connection attempt failed because the connected party did not properly respond after a period of time, or established connection failed because connected host has failed to respond
2026-05-27 17:11:59,458 | INFO | system | Metrics endpoint called
2026-05-27 17:11:59,867 | WARNING | system | server-1 - HIGH RAM USAGE: 88.3%
2026-05-27 17:11:59,953 | WARNING | system | server-2 - HIGH RAM USAGE: 88.9%
2026-05-27 17:12:00,031 | WARNING | system | server-3 - HIGH RAM USAGE: 88.7%
2026-05-27 17:12:00,185 | INFO | system | Metrics endpoint called
2026-05-27 17:12:03,703 | WARNING | system | server-1 - HIGH RAM USAGE: 87.2%
2026-05-27 17:12:03,882 | WARNING | system | server-2 - HIGH RAM USAGE: 87.9%
2026-05-27 17:12:03,968 | WARNING | system | server-3 - HIGH RAM USAGE: 89.2%
2026-05-27 17:12:04,429 | WARNING | system | server-1 - HIGH RAM USAGE: 90.6%
2026-05-27 17:12:04,433 | WARNING | system | server-2 - HIGH RAM USAGE: 90.4%
2026-05-27 17:12:04,434 | WARNING | system | server-3 - HIGH RAM USAGE: 91.1%
2026-05-27 17:12:05,137 | ERROR | system | Email notification failed: [WinError 10060] A connection attempt failed because the connected party did not properly respond after a period of time, or established connection failed because connected host has failed to respond
2026-05-27 17:12:05,148 | INFO | system | Metrics endpoint called
2026-05-27 17:12:06,362 | ERROR | system | Email notification failed: [WinError 10060] A connection attempt failed because the connected party did not properly respond after a period of time, or established connection failed because connected host has failed to respond
2026-05-27 17:12:07,452 | WARNING | system | server-1 - HIGH RAM USAGE: 89.8%
2026-05-27 17:12:07,452 | WARNING | system | server-2 - HIGH RAM USAGE: 88.9%
2026-05-27 17:12:07,454 | WARNING | system | server-3 - HIGH RAM USAGE: 89.8%
2026-05-27 17:12:19,991 | ERROR | system | Email notification failed: [WinError 10060] A connection attempt failed because the connected party did not properly respond after a period of time, or established connection failed because connected host has failed to respond
2026-05-27 17:12:21,958 | ERROR | system | Email notification failed: [WinError 10060] A connection attempt failed because the connected party did not properly respond after a period of time, or established connection failed because connected host has failed to respond
2026-05-27 17:12:25,467 | ERROR | system | Email notification failed: [WinError 10060] A connection attempt failed because the connected party did not properly respond after a period of time, or established connection failed because connected host has failed to respond
2026-05-27 17:12:25,701 | ERROR | system | Email notification failed: [WinError 10060] A connection attempt failed because the connected party did not properly respond after a period of time, or established connection failed because connected host has failed to respond
2026-05-27 17:12:28,601 | ERROR | system | Email notification failed: [WinError 10060] A connection attempt failed because the connected party did not properly respond after a period of time, or established connection failed because connected host has failed to respond
2026-05-27 17:12:42,273 | INFO | system | Metrics endpoint called
2026-05-27 17:12:45,242 | WARNING | system | server-1 - HIGH RAM USAGE: 90.4%
2026-05-27 17:12:45,243 | WARNING | system | server-2 - HIGH RAM USAGE: 88.4%
2026-05-27 17:12:45,245 | WARNING | system | server-3 - HIGH RAM USAGE: 86.2%
2026-05-27 17:13:06,373 | ERROR | system | Email notification failed: [WinError 10060] A connection attempt failed because the connected party did not properly respond after a period of time, or established connection failed because connected host has failed to respond
2026-05-27 17:13:42,211 | INFO | system | Metrics endpoint called
2026-05-27 17:13:45,183 | WARNING | system | server-1 - HIGH RAM USAGE: 89.5%
2026-05-27 17:13:45,183 | WARNING | system | server-2 - HIGH RAM USAGE: 88.8%
2026-05-27 17:13:45,184 | WARNING | system | server-3 - HIGH RAM USAGE: 86.7%
2026-05-27 17:14:06,340 | ERROR | system | Email notification failed: [WinError 10060] A connection attempt failed because the connected party did not properly respond after a period of time, or established connection failed because connected host has failed to respond
2026-05-27 17:14:42,261 | INFO | system | Metrics endpoint called
2026-05-27 17:14:44,894 | WARNING | system | server-2 - HIGH CPU USAGE: 100.0%
2026-05-27 17:14:44,896 | WARNING | system | server-2 - HIGH RAM USAGE: 87.6%
2026-05-27 17:15:06,061 | ERROR | system | Email notification failed: [WinError 10060] A connection attempt failed because the connected party did not properly respond after a period of time, or established connection failed because connected host has failed to respond
2026-05-27 17:15:42,231 | INFO | system | Metrics endpoint called
2026-05-27 17:15:44,764 | WARNING | system | server-1 - HIGH CPU USAGE: 96.6%
2026-05-27 17:15:44,765 | WARNING | system | server-2 - HIGH RAM USAGE: 87.3%
2026-05-27 17:16:25,824 | INFO | system | Smart Monitor Platform initialized
2026-05-27 17:16:25,829 | INFO | system | Flask server starting
2026-05-27 17:16:27,311 | INFO | system | Metrics endpoint called
2026-05-27 17:16:29,615 | INFO | system | Metrics endpoint called
2026-05-27 17:16:30,211 | WARNING | system | server-3 - HIGH RAM USAGE: 87.5%
2026-05-27 17:16:32,294 | WARNING | system | server-3 - HIGH RAM USAGE: 85.4%
2026-05-27 17:16:51,515 | INFO | system | Metrics endpoint called
2026-05-27 17:16:52,429 | ERROR | system | Email notification failed: [WinError 10060] A connection attempt failed because the connected party did not properly respond after a period of time, or established connection failed because connected host has failed to respond
2026-05-27 17:16:53,492 | ERROR | system | Email notification failed: [WinError 10060] A connection attempt failed because the connected party did not properly respond after a period of time, or established connection failed because connected host has failed to respond
2026-05-27 17:16:53,533 | INFO | system | Metrics endpoint called
2026-05-27 17:16:53,818 | WARNING | system | server-1 - HIGH RAM USAGE: 85.8%
2026-05-27 17:16:53,821 | INFO | system | Metrics endpoint called
2026-05-27 17:16:53,883 | WARNING | system | server-2 - HIGH RAM USAGE: 87.5%
2026-05-27 17:16:57,605 | INFO | system | Metrics endpoint called
2026-05-27 17:16:58,167 | WARNING | system | server-1 - HIGH RAM USAGE: 86.0%
2026-05-27 17:16:58,491 | WARNING | system | server-2 - HIGH RAM USAGE: 87.9%
2026-05-27 17:16:58,695 | WARNING | system | server-1 - HIGH RAM USAGE: 88.4%
2026-05-27 17:16:58,925 | WARNING | system | server-2 - HIGH RAM USAGE: 87.5%
2026-05-27 17:16:59,119 | WARNING | system | server-3 - HIGH CPU USAGE: 99.5%
2026-05-27 17:16:59,399 | WARNING | system | server-3 - HIGH RAM USAGE: 86.6%
2026-05-27 17:16:59,581 | INFO | system | Metrics endpoint called
2026-05-27 17:17:01,638 | INFO | system | Metrics endpoint called
2026-05-27 17:17:02,109 | WARNING | system | server-2 - HIGH RAM USAGE: 87.4%
2026-05-27 17:17:02,331 | WARNING | system | server-3 - HIGH RAM USAGE: 87.1%
2026-05-27 17:17:03,953 | WARNING | system | server-1 - HIGH RAM USAGE: 87.8%
2026-05-27 17:17:05,362 | WARNING | system | server-1 - HIGH RAM USAGE: 88.5%
2026-05-27 17:17:05,377 | WARNING | system | server-2 - HIGH RAM USAGE: 87.9%
2026-05-27 17:17:05,387 | WARNING | system | server-3 - HIGH RAM USAGE: 88.6%
2026-05-27 17:17:15,770 | ERROR | system | Email notification failed: [WinError 10060] A connection attempt failed because the connected party did not properly respond after a period of time, or established connection failed because connected host has failed to respond
2026-05-27 17:17:15,779 | INFO | system | Metrics endpoint called
2026-05-27 17:17:18,537 | WARNING | system | server-2 - HIGH RAM USAGE: 87.8%
2026-05-27 17:17:20,621 | ERROR | system | Email notification failed: [WinError 10060] A connection attempt failed because the connected party did not properly respond after a period of time, or established connection failed because connected host has failed to respond
2026-05-27 17:17:20,643 | INFO | system | Metrics endpoint called
2026-05-27 17:17:21,512 | ERROR | system | Email notification failed: [WinError 10060] A connection attempt failed because the connected party did not properly respond after a period of time, or established connection failed because connected host has failed to respond
2026-05-27 17:17:21,658 | INFO | system | Metrics endpoint called
2026-05-27 17:17:23,840 | WARNING | system | server-2 - HIGH RAM USAGE: 86.8%
2026-05-27 17:17:24,815 | ERROR | system | Email notification failed: [WinError 10060] A connection attempt failed because the connected party did not properly respond after a period of time, or established connection failed because connected host has failed to respond
2026-05-27 17:17:25,022 | INFO | system | Metrics endpoint called
2026-05-27 17:17:25,198 | WARNING | system | server-2 - HIGH RAM USAGE: 87.7%
2026-05-27 17:17:25,332 | WARNING | system | server-3 - HIGH RAM USAGE: 87.2%
2026-05-27 17:17:25,865 | ERROR | system | Email notification failed: [WinError 10060] A connection attempt failed because the connected party did not properly respond after a period of time, or established connection failed because connected host has failed to respond
2026-05-27 17:17:26,103 | INFO | system | Metrics endpoint called
2026-05-27 17:17:26,580 | ERROR | system | Email notification failed: [WinError 10060] A connection attempt failed because the connected party did not properly respond after a period of time, or established connection failed because connected host has failed to respond
2026-05-27 17:17:26,845 | INFO | system | Metrics endpoint called
2026-05-27 17:17:28,493 | WARNING | system | server-2 - HIGH RAM USAGE: 85.7%
2026-05-27 17:17:28,989 | WARNING | system | server-3 - HIGH RAM USAGE: 86.0%
2026-05-27 17:17:31,210 | WARNING | system | server-2 - HIGH RAM USAGE: 86.1%
2026-05-27 17:17:31,776 | WARNING | system | server-1 - HIGH RAM USAGE: 86.9%
2026-05-27 17:17:31,789 | WARNING | system | server-2 - HIGH RAM USAGE: 86.2%
2026-05-27 17:17:31,802 | WARNING | system | server-3 - HIGH RAM USAGE: 85.6%
2026-05-27 17:17:39,670 | ERROR | system | Email notification failed: [WinError 10060] A connection attempt failed because the connected party did not properly respond after a period of time, or established connection failed because connected host has failed to respond
2026-05-27 17:17:39,678 | INFO | system | Metrics endpoint called
2026-05-27 17:17:42,407 | WARNING | system | server-2 - HIGH RAM USAGE: 87.3%
2026-05-27 17:17:45,634 | ERROR | system | Email notification failed: [WinError 10060] A connection attempt failed because the connected party did not properly respond after a period of time, or established connection failed because connected host has failed to respond
2026-05-27 17:17:45,641 | INFO | system | Metrics endpoint called
2026-05-27 17:17:47,130 | ERROR | system | Email notification failed: [WinError 10060] A connection attempt failed because the connected party did not properly respond after a period of time, or established connection failed because connected host has failed to respond
2026-05-27 17:17:47,366 | INFO | system | Metrics endpoint called
2026-05-27 17:17:48,816 | WARNING | system | server-2 - HIGH RAM USAGE: 87.9%
2026-05-27 17:17:49,004 | WARNING | system | server-3 - HIGH RAM USAGE: 87.7%
2026-05-27 17:17:50,431 | WARNING | system | server-3 - HIGH RAM USAGE: 87.9%
2026-05-27 17:17:51,662 | ERROR | system | Email notification failed: [WinError 10060] A connection attempt failed because the connected party did not properly respond after a period of time, or established connection failed because connected host has failed to respond
2026-05-27 17:17:51,689 | INFO | system | Metrics endpoint called
2026-05-27 17:17:52,884 | ERROR | system | Email notification failed: [WinError 10060] A connection attempt failed because the connected party did not properly respond after a period of time, or established connection failed because connected host has failed to respond
2026-05-27 17:17:53,033 | ERROR | system | Email notification failed: [WinError 10060] A connection attempt failed because the connected party did not properly respond after a period of time, or established connection failed because connected host has failed to respond
2026-05-27 17:17:53,060 | INFO | system | Metrics endpoint called
2026-05-27 17:17:53,309 | INFO | system | Metrics endpoint called
2026-05-27 17:17:55,032 | WARNING | system | server-3 - HIGH RAM USAGE: 85.2%
2026-05-27 17:17:58,222 | WARNING | system | server-1 - HIGH RAM USAGE: 85.1%
2026-05-27 17:17:58,367 | WARNING | system | server-2 - HIGH RAM USAGE: 86.7%
2026-05-27 17:17:58,387 | WARNING | system | server-1 - HIGH RAM USAGE: 87.7%
2026-05-27 17:17:58,398 | WARNING | system | server-3 - HIGH RAM USAGE: 86.2%
2026-05-27 17:18:03,560 | ERROR | system | Email notification failed: [WinError 10060] A connection attempt failed because the connected party did not properly respond after a period of time, or established connection failed because connected host has failed to respond
2026-05-27 17:18:03,570 | INFO | system | Metrics endpoint called
2026-05-27 17:18:06,043 | WARNING | system | server-2 - HIGH RAM USAGE: 85.1%
2026-05-27 17:18:06,055 | WARNING | system | server-3 - HIGH RAM USAGE: 88.3%
2026-05-27 17:18:10,904 | ERROR | system | Email notification failed: [WinError 10060] A connection attempt failed because the connected party did not properly respond after a period of time, or established connection failed because connected host has failed to respond
2026-05-27 17:18:10,910 | INFO | system | Metrics endpoint called
2026-05-27 17:18:11,638 | ERROR | system | Email notification failed: [WinError 10060] A connection attempt failed because the connected party did not properly respond after a period of time, or established connection failed because connected host has failed to respond
2026-05-27 17:18:11,951 | INFO | system | Metrics endpoint called
2026-05-27 17:18:14,173 | WARNING | system | server-1 - HIGH RAM USAGE: 85.7%
2026-05-27 17:18:14,379 | WARNING | system | server-2 - HIGH RAM USAGE: 88.1%
2026-05-27 17:18:15,600 | WARNING | system | server-1 - HIGH RAM USAGE: 87.0%
2026-05-27 17:18:15,612 | WARNING | system | server-2 - HIGH RAM USAGE: 88.1%
2026-05-27 17:18:15,624 | WARNING | system | server-3 - HIGH RAM USAGE: 87.8%
2026-05-27 17:18:17,569 | ERROR | system | Email notification failed: [WinError 10060] A connection attempt failed because the connected party did not properly respond after a period of time, or established connection failed because connected host has failed to respond
2026-05-27 17:18:17,575 | INFO | system | Metrics endpoint called
2026-05-27 17:18:19,588 | ERROR | system | Email notification failed: [WinError 10060] A connection attempt failed because the connected party did not properly respond after a period of time, or established connection failed because connected host has failed to respond
2026-05-27 17:18:19,618 | ERROR | system | Email notification failed: [WinError 10060] A connection attempt failed because the connected party did not properly respond after a period of time, or established connection failed because connected host has failed to respond
2026-05-27 17:18:19,904 | INFO | system | Metrics endpoint called
2026-05-27 17:18:19,924 | WARNING | system | server-2 - HIGH RAM USAGE: 85.4%
2026-05-27 17:18:19,933 | INFO | system | Metrics endpoint called
2026-05-27 17:18:19,981 | WARNING | system | server-3 - HIGH RAM USAGE: 85.6%
2026-05-27 17:18:23,922 | WARNING | system | server-1 - HIGH RAM USAGE: 87.0%
2026-05-27 17:18:24,086 | WARNING | system | server-2 - HIGH RAM USAGE: 86.8%
2026-05-27 17:18:24,145 | WARNING | system | server-1 - HIGH RAM USAGE: 87.2%
2026-05-27 17:18:24,168 | WARNING | system | server-2 - HIGH RAM USAGE: 85.4%
2026-05-27 17:18:27,218 | ERROR | system | Email notification failed: [WinError 10060] A connection attempt failed because the connected party did not properly respond after a period of time, or established connection failed because connected host has failed to respond
2026-05-27 17:18:27,229 | INFO | system | Metrics endpoint called
2026-05-27 17:18:29,773 | INFO | system | Metrics endpoint called
2026-05-27 17:18:31,881 | INFO | system | Metrics endpoint called
2026-05-27 17:18:34,011 | INFO | system | Metrics endpoint called
2026-05-27 17:18:36,008 | WARNING | system | server-1 - HIGH RAM USAGE: 85.1%
2026-05-27 17:18:36,193 | ERROR | system | Email notification failed: [WinError 10060] A connection attempt failed because the connected party did not properly respond after a period of time, or established connection failed because connected host has failed to respond
2026-05-27 17:18:36,207 | INFO | system | Metrics endpoint called
2026-05-27 17:18:36,809 | ERROR | system | Email notification failed: [WinError 10060] A connection attempt failed because the connected party did not properly respond after a period of time, or established connection failed because connected host has failed to respond
2026-05-27 17:18:37,003 | INFO | system | Metrics endpoint called
2026-05-27 17:18:39,228 | WARNING | system | server-2 - HIGH RAM USAGE: 85.4%
2026-05-27 17:18:40,249 | WARNING | system | server-3 - HIGH RAM USAGE: 85.6%
2026-05-27 17:18:41,893 | ERROR | system | Email notification failed: [WinError 10060] A connection attempt failed because the connected party did not properly respond after a period of time, or established connection failed because connected host has failed to respond
2026-05-27 17:18:41,932 | INFO | system | Metrics endpoint called
2026-05-28 17:46:26,482 | INFO | system | Smart Monitor Platform initialized
2026-05-28 17:46:26,485 | INFO | system | Flask server starting
2026-05-28 17:46:32,128 | INFO | system | Metrics endpoint called
2026-05-28 17:46:34,557 | INFO | system | Metrics endpoint called
2026-05-28 17:46:34,856 | INFO | system | Metrics endpoint called
2026-05-28 17:46:34,926 | WARNING | system | server-1 - HIGH RAM USAGE: 90.7%
2026-05-28 17:46:35,137 | WARNING | system | server-2 - HIGH RAM USAGE: 89.9%
2026-05-28 17:46:35,313 | WARNING | system | server-3 - HIGH RAM USAGE: 89.4%
2026-05-28 17:46:39,192 | WARNING | system | server-1 - HIGH RAM USAGE: 89.9%
2026-05-28 17:46:39,377 | WARNING | system | server-2 - HIGH RAM USAGE: 89.7%
2026-05-28 17:46:39,616 | WARNING | system | server-3 - HIGH RAM USAGE: 93.0%
2026-05-28 17:46:39,738 | WARNING | system | server-1 - HIGH RAM USAGE: 90.0%
2026-05-28 17:46:39,775 | WARNING | system | server-2 - HIGH RAM USAGE: 93.3%
2026-05-28 17:46:39,786 | WARNING | system | server-3 - HIGH RAM USAGE: 93.4%
2026-05-28 17:46:56,841 | INFO | system | Metrics endpoint called
2026-05-28 17:46:58,734 | ERROR | system | Email notification failed: [WinError 10060] A connection attempt failed because the connected party did not properly respond after a period of time, or established connection failed because connected host has failed to respond
2026-05-28 17:46:58,912 | INFO | system | Metrics endpoint called
2026-05-28 17:46:59,241 | WARNING | system | server-1 - HIGH RAM USAGE: 89.2%
2026-05-28 17:46:59,442 | WARNING | system | server-2 - HIGH CPU USAGE: 97.1%
2026-05-28 17:46:59,626 | WARNING | system | server-2 - HIGH RAM USAGE: 90.7%
2026-05-28 17:46:59,872 | WARNING | system | server-3 - HIGH RAM USAGE: 89.2%
2026-05-28 17:47:00,892 | INFO | system | Metrics endpoint called
2026-05-28 17:47:00,943 | ERROR | system | Email notification failed: [WinError 10060] A connection attempt failed because the connected party did not properly respond after a period of time, or established connection failed because connected host has failed to respond
2026-05-28 17:47:01,332 | ERROR | system | Email notification failed: [WinError 10060] A connection attempt failed because the connected party did not properly respond after a period of time, or established connection failed because connected host has failed to respond
2026-05-28 17:47:01,808 | INFO | system | Metrics endpoint called
2026-05-28 17:47:02,010 | WARNING | system | server-1 - HIGH RAM USAGE: 93.7%
2026-05-28 17:47:02,254 | WARNING | system | server-2 - HIGH RAM USAGE: 89.7%
2026-05-28 17:47:02,568 | WARNING | system | server-3 - HIGH RAM USAGE: 91.1%
2026-05-28 17:47:05,073 | INFO | system | Metrics endpoint called
2026-05-28 17:47:05,765 | WARNING | system | server-1 - HIGH RAM USAGE: 89.6%
2026-05-28 17:47:06,456 | WARNING | system | server-2 - HIGH RAM USAGE: 91.1%
2026-05-28 17:47:06,983 | INFO | system | Metrics endpoint called
2026-05-28 17:47:07,151 | WARNING | system | server-1 - HIGH RAM USAGE: 93.4%
2026-05-28 17:47:07,152 | WARNING | system | server-3 - HIGH RAM USAGE: 93.3%
2026-05-28 17:47:07,319 | WARNING | system | server-2 - HIGH RAM USAGE: 94.4%
2026-05-28 17:47:07,521 | WARNING | system | server-3 - HIGH RAM USAGE: 93.7%
2026-05-28 17:47:10,193 | WARNING | system | server-1 - HIGH RAM USAGE: 92.4%
2026-05-28 17:47:10,549 | WARNING | system | server-2 - HIGH RAM USAGE: 93.7%
2026-05-28 17:47:10,823 | WARNING | system | server-3 - HIGH RAM USAGE: 92.6%
2026-05-28 17:47:11,651 | WARNING | system | server-1 - HIGH RAM USAGE: 93.7%
2026-05-28 17:47:11,669 | WARNING | system | server-2 - HIGH RAM USAGE: 92.4%
2026-05-28 17:47:11,682 | WARNING | system | server-3 - HIGH RAM USAGE: 93.5%
2026-05-28 17:47:21,798 | ERROR | system | Email notification failed: [WinError 10060] A connection attempt failed because the connected party did not properly respond after a period of time, or established connection failed because connected host has failed to respond
2026-05-28 17:47:21,805 | INFO | system | Metrics endpoint called
2026-05-28 17:47:24,126 | WARNING | system | server-1 - HIGH RAM USAGE: 94.0%
2026-05-28 17:47:24,140 | WARNING | system | server-2 - HIGH RAM USAGE: 90.6%
2026-05-28 17:47:24,152 | WARNING | system | server-3 - HIGH RAM USAGE: 93.4%
2026-05-28 17:47:24,975 | ERROR | system | Email notification failed: [WinError 10060] A connection attempt failed because the connected party did not properly respond after a period of time, or established connection failed because connected host has failed to respond
2026-05-28 17:47:24,993 | INFO | system | Metrics endpoint called
2026-05-28 17:47:27,135 | WARNING | system | server-1 - HIGH RAM USAGE: 93.7%
2026-05-28 17:47:27,147 | WARNING | system | server-2 - HIGH CPU USAGE: 100.0%
2026-05-28 17:47:27,159 | WARNING | system | server-2 - HIGH RAM USAGE: 93.4%
2026-05-28 17:47:27,171 | WARNING | system | server-3 - HIGH CPU USAGE: 100.0%
2026-05-28 17:47:27,182 | WARNING | system | server-3 - HIGH RAM USAGE: 89.5%
2026-05-28 17:47:29,726 | ERROR | system | Email notification failed: [WinError 10060] A connection attempt failed because the connected party did not properly respond after a period of time, or established connection failed because connected host has failed to respond
2026-05-28 17:47:29,737 | INFO | system | Metrics endpoint called
2026-05-28 17:47:30,156 | ERROR | system | Email notification failed: [WinError 10060] A connection attempt failed because the connected party did not properly respond after a period of time, or established connection failed because connected host has failed to respond
2026-05-28 17:47:30,316 | INFO | system | Metrics endpoint called
2026-05-28 17:47:32,753 | ERROR | system | Email notification failed: [WinError 10060] A connection attempt failed because the connected party did not properly respond after a period of time, or established connection failed because connected host has failed to respond
2026-05-28 17:47:32,993 | ERROR | system | Email notification failed: [WinError 10060] A connection attempt failed because the connected party did not properly respond after a period of time, or established connection failed because connected host has failed to respond
2026-05-28 17:47:33,204 | WARNING | system | server-1 - HIGH RAM USAGE: 90.3%
2026-05-28 17:47:33,239 | INFO | system | Metrics endpoint called
2026-05-28 17:47:33,349 | INFO | system | Metrics endpoint called
2026-05-28 17:47:33,427 | WARNING | system | server-2 - HIGH RAM USAGE: 92.6%
2026-05-28 17:47:33,676 | WARNING | system | server-3 - HIGH RAM USAGE: 90.2%
2026-05-28 17:47:34,569 | WARNING | system | server-1 - HIGH RAM USAGE: 91.2%
2026-05-28 17:47:35,082 | WARNING | system | server-2 - HIGH RAM USAGE: 91.2%
2026-05-28 17:47:35,500 | WARNING | system | server-3 - HIGH RAM USAGE: 92.9%
2026-05-28 17:47:38,972 | WARNING | system | server-1 - HIGH RAM USAGE: 92.8%
2026-05-28 17:47:38,987 | WARNING | system | server-1 - HIGH RAM USAGE: 91.2%
2026-05-28 17:47:39,017 | WARNING | system | server-2 - HIGH RAM USAGE: 92.9%
2026-05-28 17:47:39,028 | WARNING | system | server-3 - HIGH RAM USAGE: 94.6%
2026-05-28 17:47:39,050 | WARNING | system | server-2 - HIGH RAM USAGE: 91.3%
2026-05-28 17:47:39,062 | WARNING | system | server-3 - HIGH RAM USAGE: 92.2%
2026-05-28 17:47:45,324 | ERROR | system | Email notification failed: [WinError 10060] A connection attempt failed because the connected party did not properly respond after a period of time, or established connection failed because connected host has failed to respond
2026-05-28 17:47:45,336 | INFO | system | Metrics endpoint called
2026-05-28 17:47:47,645 | WARNING | system | server-1 - HIGH RAM USAGE: 88.7%
2026-05-28 17:47:47,657 | WARNING | system | server-2 - HIGH RAM USAGE: 90.5%
2026-05-28 17:47:47,671 | WARNING | system | server-3 - HIGH RAM USAGE: 90.1%
2026-05-28 17:47:48,335 | ERROR | system | Email notification failed: [WinError 10060] A connection attempt failed because the connected party did not properly respond after a period of time, or established connection failed because connected host has failed to respond
2026-05-28 17:47:48,342 | INFO | system | Metrics endpoint called
2026-05-28 17:47:50,521 | WARNING | system | server-1 - HIGH RAM USAGE: 92.4%
2026-05-28 17:47:50,535 | WARNING | system | server-2 - HIGH RAM USAGE: 91.3%
2026-05-28 17:47:50,546 | WARNING | system | server-3 - HIGH RAM USAGE: 88.4%
2026-05-28 17:47:56,185 | ERROR | system | Email notification failed: [WinError 10060] A connection attempt failed because the connected party did not properly respond after a period of time, or established connection failed because connected host has failed to respond
2026-05-28 17:47:56,192 | INFO | system | Metrics endpoint called
2026-05-28 17:47:58,059 | ERROR | system | Email notification failed: [WinError 10060] A connection attempt failed because the connected party did not properly respond after a period of time, or established connection failed because connected host has failed to respond
2026-05-28 17:47:58,405 | WARNING | system | server-1 - HIGH RAM USAGE: 88.0%
2026-05-28 17:47:58,412 | INFO | system | Metrics endpoint called
2026-05-28 17:47:58,417 | WARNING | system | server-2 - HIGH RAM USAGE: 89.9%
2026-05-28 17:47:58,515 | WARNING | system | server-3 - HIGH RAM USAGE: 92.3%
2026-05-28 17:48:00,227 | ERROR | system | Email notification failed: [WinError 10060] A connection attempt failed because the connected party did not properly respond after a period of time, or established connection failed because connected host has failed to respond
2026-05-28 17:48:00,244 | ERROR | system | Email notification failed: [WinError 10060] A connection attempt failed because the connected party did not properly respond after a period of time, or established connection failed because connected host has failed to respond
2026-05-28 17:48:00,480 | INFO | system | Metrics endpoint called
2026-05-28 17:48:00,658 | INFO | system | Metrics endpoint called
2026-05-28 17:48:00,880 | WARNING | system | server-1 - HIGH RAM USAGE: 90.9%
2026-05-28 17:48:01,000 | WARNING | system | server-2 - HIGH RAM USAGE: 92.5%
2026-05-28 17:48:01,386 | WARNING | system | server-3 - HIGH RAM USAGE: 89.9%
2026-05-28 17:48:05,388 | WARNING | system | server-1 - HIGH RAM USAGE: 92.1%
2026-05-28 17:48:05,559 | WARNING | system | server-2 - HIGH RAM USAGE: 93.7%
2026-05-28 17:48:05,591 | WARNING | system | server-1 - HIGH RAM USAGE: 90.2%
2026-05-28 17:48:05,604 | WARNING | system | server-2 - HIGH RAM USAGE: 91.6%
2026-05-28 17:48:05,615 | WARNING | system | server-3 - HIGH RAM USAGE: 89.4%
2026-05-28 17:48:05,625 | WARNING | system | server-3 - HIGH RAM USAGE: 89.3%
2026-05-28 17:48:08,967 | ERROR | system | Email notification failed: [WinError 10060] A connection attempt failed because the connected party did not properly respond after a period of time, or established connection failed because connected host has failed to respond
2026-05-28 17:48:08,977 | INFO | system | Metrics endpoint called
2026-05-28 17:48:11,638 | WARNING | system | server-1 - HIGH RAM USAGE: 93.1%
2026-05-28 17:48:11,651 | WARNING | system | server-2 - HIGH RAM USAGE: 90.0%
2026-05-28 17:48:11,665 | WARNING | system | server-3 - HIGH RAM USAGE: 88.2%
2026-05-28 17:48:11,712 | ERROR | system | Email notification failed: [WinError 10060] A connection attempt failed because the connected party did not properly respond after a period of time, or established connection failed because connected host has failed to respond
2026-05-28 17:48:11,721 | INFO | system | Metrics endpoint called
2026-05-28 17:48:13,969 | WARNING | system | server-1 - HIGH RAM USAGE: 92.3%
2026-05-28 17:48:13,985 | WARNING | system | server-2 - HIGH RAM USAGE: 91.6%
2026-05-28 17:48:13,999 | WARNING | system | server-3 - HIGH RAM USAGE: 89.5%
2026-05-28 17:48:20,243 | ERROR | system | Email notification failed: [WinError 10060] A connection attempt failed because the connected party did not properly respond after a period of time, or established connection failed because connected host has failed to respond
2026-05-28 17:48:20,250 | INFO | system | Metrics endpoint called
2026-05-28 17:48:22,656 | WARNING | system | server-1 - HIGH RAM USAGE: 90.4%
2026-05-28 17:48:22,668 | WARNING | system | server-2 - HIGH RAM USAGE: 90.8%
2026-05-28 17:48:22,681 | WARNING | system | server-3 - HIGH RAM USAGE: 94.6%
2026-05-28 17:48:23,747 | ERROR | system | Email notification failed: [WinError 10060] A connection attempt failed because the connected party did not properly respond after a period of time, or established connection failed because connected host has failed to respond
2026-05-28 17:48:23,755 | INFO | system | Metrics endpoint called
2026-05-28 17:48:26,503 | WARNING | system | server-1 - HIGH RAM USAGE: 94.7%
2026-05-28 17:48:26,518 | WARNING | system | server-2 - HIGH RAM USAGE: 91.5%
2026-05-28 17:48:26,532 | WARNING | system | server-3 - HIGH RAM USAGE: 90.7%
2026-05-28 17:48:26,778 | ERROR | system | Email notification failed: [WinError 10060] A connection attempt failed because the connected party did not properly respond after a period of time, or established connection failed because connected host has failed to respond
2026-05-28 17:48:26,796 | INFO | system | Metrics endpoint called
2026-05-28 17:48:26,868 | ERROR | system | Email notification failed: [WinError 10060] A connection attempt failed because the connected party did not properly respond after a period of time, or established connection failed because connected host has failed to respond
2026-05-28 17:48:27,123 | INFO | system | Metrics endpoint called
2026-05-28 17:48:30,903 | WARNING | system | server-1 - HIGH RAM USAGE: 92.1%
2026-05-28 17:48:31,103 | WARNING | system | server-2 - HIGH RAM USAGE: 90.0%
2026-05-28 17:48:31,291 | WARNING | system | server-3 - HIGH RAM USAGE: 92.2%
2026-05-28 17:48:31,650 | WARNING | system | server-1 - HIGH RAM USAGE: 93.6%
2026-05-28 17:48:31,663 | WARNING | system | server-2 - HIGH RAM USAGE: 89.1%
2026-05-28 17:48:31,674 | WARNING | system | server-3 - HIGH RAM USAGE: 91.4%
2026-05-28 17:48:33,055 | ERROR | system | Email notification failed: [WinError 10060] A connection attempt failed because the connected party did not properly respond after a period of time, or established connection failed because connected host has failed to respond
2026-05-28 17:48:33,062 | INFO | system | Metrics endpoint called
2026-05-28 17:48:35,225 | ERROR | system | Email notification failed: [WinError 10060] A connection attempt failed because the connected party did not properly respond after a period of time, or established connection failed because connected host has failed to respond
2026-05-28 17:48:35,424 | WARNING | system | server-1 - HIGH RAM USAGE: 86.7%
2026-05-28 17:48:35,432 | INFO | system | Metrics endpoint called
2026-05-28 17:48:35,437 | WARNING | system | server-2 - HIGH RAM USAGE: 92.0%
2026-05-28 17:48:35,558 | WARNING | system | server-3 - HIGH RAM USAGE: 86.7%
2026-05-28 17:48:37,767 | WARNING | system | server-1 - HIGH RAM USAGE: 89.5%
2026-05-28 17:48:37,781 | WARNING | system | server-2 - HIGH RAM USAGE: 87.5%
2026-05-28 17:48:37,793 | WARNING | system | server-3 - HIGH CPU USAGE: 99.7%
2026-05-28 17:48:37,809 | WARNING | system | server-3 - HIGH RAM USAGE: 88.9%
2026-05-28 17:48:44,012 | ERROR | system | Email notification failed: [WinError 10060] A connection attempt failed because the connected party did not properly respond after a period of time, or established connection failed because connected host has failed to respond
2026-05-28 17:48:44,019 | INFO | system | Metrics endpoint called
2026-05-28 17:48:46,545 | WARNING | system | server-1 - HIGH RAM USAGE: 92.4%
2026-05-28 17:48:46,558 | WARNING | system | server-2 - HIGH RAM USAGE: 91.7%
2026-05-28 17:48:46,571 | WARNING | system | server-3 - HIGH RAM USAGE: 90.2%
2026-05-28 17:48:47,683 | ERROR | system | Email notification failed: [WinError 10060] A connection attempt failed because the connected party did not properly respond after a period of time, or established connection failed because connected host has failed to respond
2026-05-28 17:48:47,701 | INFO | system | Metrics endpoint called
2026-05-28 17:48:50,254 | WARNING | system | server-1 - HIGH RAM USAGE: 88.8%
2026-05-28 17:48:50,264 | WARNING | system | server-2 - HIGH RAM USAGE: 87.3%
2026-05-28 17:48:50,277 | WARNING | system | server-3 - HIGH RAM USAGE: 87.6%
2026-05-28 17:48:52,753 | ERROR | system | Email notification failed: [WinError 10060] A connection attempt failed because the connected party did not properly respond after a period of time, or established connection failed because connected host has failed to respond
2026-05-28 17:48:52,762 | INFO | system | Metrics endpoint called
2026-05-28 17:48:52,834 | ERROR | system | Email notification failed: [WinError 10060] A connection attempt failed because the connected party did not properly respond after a period of time, or established connection failed because connected host has failed to respond
2026-05-28 17:48:53,027 | INFO | system | Metrics endpoint called
2026-05-28 17:48:56,954 | WARNING | system | server-1 - HIGH RAM USAGE: 89.1%
2026-05-28 17:48:57,136 | WARNING | system | server-2 - HIGH RAM USAGE: 90.9%
2026-05-28 17:48:57,279 | WARNING | system | server-3 - HIGH RAM USAGE: 88.1%
2026-05-28 17:48:57,392 | ERROR | system | Email notification failed: [WinError 10060] A connection attempt failed because the connected party did not properly respond after a period of time, or established connection failed because connected host has failed to respond
2026-05-28 17:48:57,643 | WARNING | system | server-1 - HIGH RAM USAGE: 90.3%
2026-05-28 17:48:57,650 | INFO | system | Metrics endpoint called
2026-05-28 17:48:57,657 | WARNING | system | server-2 - HIGH RAM USAGE: 93.5%
2026-05-28 17:48:57,740 | WARNING | system | server-3 - HIGH RAM USAGE: 89.6%
2026-05-28 17:48:59,029 | ERROR | system | Email notification failed: [WinError 10060] A connection attempt failed because the connected party did not properly respond after a period of time, or established connection failed because connected host has failed to respond
2026-05-28 17:48:59,463 | INFO | system | Metrics endpoint called
2026-05-28 17:49:00,775 | WARNING | system | server-1 - HIGH RAM USAGE: 91.8%
2026-05-28 17:49:00,996 | WARNING | system | server-2 - HIGH RAM USAGE: 88.5%
2026-05-28 17:49:01,291 | WARNING | system | server-3 - HIGH RAM USAGE: 90.8%
2026-05-28 17:49:03,372 | WARNING | system | server-1 - HIGH RAM USAGE: 90.8%
2026-05-28 17:49:03,383 | WARNING | system | server-2 - HIGH RAM USAGE: 92.9%
2026-05-28 17:49:03,396 | WARNING | system | server-3 - HIGH RAM USAGE: 91.0%
2026-05-28 17:49:07,965 | ERROR | system | Email notification failed: [WinError 10060] A connection attempt failed because the connected party did not properly respond after a period of time, or established connection failed because connected host has failed to respond
2026-05-28 17:49:07,973 | INFO | system | Metrics endpoint called
2026-05-28 17:49:10,357 | WARNING | system | server-1 - HIGH RAM USAGE: 88.2%
2026-05-28 17:49:10,370 | WARNING | system | server-2 - HIGH RAM USAGE: 92.2%
2026-05-28 17:49:10,383 | WARNING | system | server-3 - HIGH RAM USAGE: 93.0%
2026-05-28 17:49:11,511 | ERROR | system | Email notification failed: [WinError 10060] A connection attempt failed because the connected party did not properly respond after a period of time, or established connection failed because connected host has failed to respond
2026-05-28 17:49:11,519 | INFO | system | Metrics endpoint called
2026-05-28 17:49:13,899 | WARNING | system | server-1 - HIGH RAM USAGE: 92.8%
2026-05-28 17:49:13,912 | WARNING | system | server-2 - HIGH RAM USAGE: 88.3%
2026-05-28 17:49:13,925 | WARNING | system | server-3 - HIGH RAM USAGE: 92.6%
2026-05-28 17:49:19,116 | ERROR | system | Email notification failed: [WinError 10060] A connection attempt failed because the connected party did not properly respond after a period of time, or established connection failed because connected host has failed to respond
2026-05-28 17:49:19,126 | INFO | system | Metrics endpoint called
2026-05-28 17:49:19,495 | ERROR | system | Email notification failed: [WinError 10060] A connection attempt failed because the connected party did not properly respond after a period of time, or established connection failed because connected host has failed to respond
2026-05-28 17:49:19,937 | INFO | system | Metrics endpoint called
2026-05-28 17:49:22,652 | WARNING | system | server-1 - HIGH RAM USAGE: 91.9%
2026-05-28 17:49:22,924 | WARNING | system | server-2 - HIGH RAM USAGE: 88.7%
2026-05-28 17:49:23,198 | WARNING | system | server-3 - HIGH RAM USAGE: 91.1%
2026-05-28 17:49:23,306 | ERROR | system | Email notification failed: [WinError 10060] A connection attempt failed because the connected party did not properly respond after a period of time, or established connection failed because connected host has failed to respond
2026-05-28 17:49:23,574 | INFO | system | Metrics endpoint called
2026-05-28 17:49:23,969 | WARNING | system | server-1 - HIGH CPU USAGE: 87.1%
2026-05-28 17:49:24,170 | WARNING | system | server-1 - HIGH RAM USAGE: 92.6%
2026-05-28 17:49:24,340 | WARNING | system | server-2 - HIGH RAM USAGE: 87.7%
2026-05-28 17:49:24,552 | WARNING | system | server-3 - HIGH RAM USAGE: 92.7%
2026-05-28 17:49:24,581 | ERROR | system | Email notification failed: [WinError 10060] A connection attempt failed because the connected party did not properly respond after a period of time, or established connection failed because connected host has failed to respond
2026-05-28 17:49:25,338 | INFO | system | Metrics endpoint called
2026-05-28 17:49:27,041 | WARNING | system | server-1 - HIGH RAM USAGE: 91.3%
2026-05-28 17:49:27,196 | WARNING | system | server-2 - HIGH RAM USAGE: 88.2%
2026-05-28 17:49:27,351 | WARNING | system | server-3 - HIGH RAM USAGE: 89.7%
2026-05-28 17:49:28,665 | WARNING | system | server-1 - HIGH RAM USAGE: 89.4%
2026-05-28 17:49:28,680 | WARNING | system | server-2 - HIGH RAM USAGE: 91.6%
2026-05-28 17:49:28,691 | WARNING | system | server-3 - HIGH RAM USAGE: 87.9%
2026-05-28 17:49:31,533 | ERROR | system | Email notification failed: [WinError 10060] A connection attempt failed because the connected party did not properly respond after a period of time, or established connection failed because connected host has failed to respond
2026-05-28 17:49:31,540 | INFO | system | Metrics endpoint called
2026-05-28 17:49:33,891 | WARNING | system | server-1 - HIGH RAM USAGE: 91.0%
2026-05-28 17:49:33,904 | WARNING | system | server-2 - HIGH RAM USAGE: 90.2%
2026-05-28 17:49:33,918 | WARNING | system | server-3 - HIGH RAM USAGE: 88.3%
2026-05-28 17:49:35,304 | ERROR | system | Email notification failed: [WinError 10060] A connection attempt failed because the connected party did not properly respond after a period of time, or established connection failed because connected host has failed to respond
2026-05-28 17:49:35,313 | INFO | system | Metrics endpoint called
2026-05-28 17:49:37,737 | WARNING | system | server-1 - HIGH RAM USAGE: 90.2%
2026-05-28 17:49:37,753 | WARNING | system | server-2 - HIGH RAM USAGE: 88.5%
2026-05-28 17:49:37,766 | WARNING | system | server-3 - HIGH RAM USAGE: 89.1%
2026-05-28 17:49:44,989 | ERROR | system | Email notification failed: [WinError 10060] A connection attempt failed because the connected party did not properly respond after a period of time, or established connection failed because connected host has failed to respond
2026-05-28 17:49:45,020 | INFO | system | Metrics endpoint called
2026-05-28 17:49:46,360 | ERROR | system | Email notification failed: [WinError 10060] A connection attempt failed because the connected party did not properly respond after a period of time, or established connection failed because connected host has failed to respond
2026-05-28 17:49:46,598 | INFO | system | Metrics endpoint called
2026-05-28 17:49:48,167 | WARNING | system | server-1 - HIGH RAM USAGE: 88.0%
2026-05-28 17:49:48,347 | WARNING | system | server-3 - HIGH RAM USAGE: 88.9%
2026-05-28 17:49:49,364 | ERROR | system | Email notification failed: [WinError 10060] A connection attempt failed because the connected party did not properly respond after a period of time, or established connection failed because connected host has failed to respond
2026-05-28 17:49:49,866 | ERROR | system | Email notification failed: [WinError 10060] A connection attempt failed because the connected party did not properly respond after a period of time, or established connection failed because connected host has failed to respond
2026-05-28 17:49:49,952 | INFO | system | Metrics endpoint called
2026-05-28 17:49:50,105 | INFO | system | Metrics endpoint called
2026-05-28 17:49:50,196 | WARNING | system | server-1 - HIGH RAM USAGE: 85.9%
2026-05-28 17:49:50,293 | WARNING | system | server-2 - HIGH RAM USAGE: 86.7%
2026-05-28 17:49:50,708 | WARNING | system | server-3 - HIGH RAM USAGE: 88.5%
2026-05-28 17:49:55,129 | ERROR | system | Email notification failed: [WinError 10060] A connection attempt failed because the connected party did not properly respond after a period of time, or established connection failed because connected host has failed to respond
2026-05-28 17:49:55,225 | WARNING | system | server-1 - HIGH RAM USAGE: 87.3%
2026-05-28 17:49:55,296 | WARNING | system | server-1 - HIGH RAM USAGE: 85.9%
2026-05-28 17:49:55,300 | INFO | system | Metrics endpoint called
2026-05-28 17:49:55,380 | WARNING | system | server-2 - HIGH RAM USAGE: 89.1%
2026-05-28 17:49:55,381 | WARNING | system | server-3 - HIGH RAM USAGE: 87.3%
2026-05-28 17:49:55,583 | WARNING | system | server-3 - HIGH RAM USAGE: 85.8%
2026-05-28 17:49:57,862 | WARNING | system | server-1 - HIGH RAM USAGE: 87.4%
2026-05-28 17:49:57,877 | WARNING | system | server-2 - HIGH RAM USAGE: 88.9%
2026-05-28 17:49:57,888 | WARNING | system | server-3 - HIGH RAM USAGE: 85.6%
2026-05-28 17:49:58,942 | ERROR | system | Email notification failed: [WinError 10060] A connection attempt failed because the connected party did not properly respond after a period of time, or established connection failed because connected host has failed to respond
2026-05-28 17:49:58,961 | INFO | system | Metrics endpoint called
2026-05-28 17:50:01,281 | WARNING | system | server-1 - HIGH RAM USAGE: 87.0%
2026-05-28 17:50:01,291 | WARNING | system | server-2 - HIGH RAM USAGE: 89.8%
2026-05-28 17:50:01,304 | WARNING | system | server-3 - HIGH RAM USAGE: 87.1%
2026-05-28 17:50:10,121 | ERROR | system | Email notification failed: [WinError 10060] A connection attempt failed because the connected party did not properly respond after a period of time, or established connection failed because connected host has failed to respond
2026-05-28 17:50:10,132 | INFO | system | Metrics endpoint called
2026-05-28 17:50:12,590 | WARNING | system | server-1 - HIGH RAM USAGE: 86.6%
2026-05-28 17:50:12,604 | WARNING | system | server-3 - HIGH RAM USAGE: 86.7%
2026-05-28 17:50:13,217 | ERROR | system | Email notification failed: [WinError 10060] A connection attempt failed because the connected party did not properly respond after a period of time, or established connection failed because connected host has failed to respond
2026-05-28 17:50:13,234 | INFO | system | Metrics endpoint called
2026-05-28 17:50:15,796 | WARNING | system | server-1 - HIGH RAM USAGE: 89.0%
2026-05-28 17:50:15,807 | WARNING | system | server-2 - HIGH RAM USAGE: 85.4%
2026-05-28 17:50:15,820 | WARNING | system | server-3 - HIGH RAM USAGE: 88.5%
2026-05-28 17:50:17,212 | ERROR | system | Email notification failed: [WinError 10060] A connection attempt failed because the connected party did not properly respond after a period of time, or established connection failed because connected host has failed to respond
2026-05-28 17:50:17,220 | INFO | system | Metrics endpoint called
2026-05-28 17:50:17,508 | ERROR | system | Email notification failed: [WinError 10060] A connection attempt failed because the connected party did not properly respond after a period of time, or established connection failed because connected host has failed to respond
2026-05-28 17:50:17,764 | INFO | system | Metrics endpoint called
2026-05-28 17:50:19,319 | ERROR | system | Email notification failed: [WinError 10060] A connection attempt failed because the connected party did not properly respond after a period of time, or established connection failed because connected host has failed to respond
2026-05-28 17:50:19,946 | INFO | system | Metrics endpoint called
2026-05-28 17:50:21,851 | WARNING | system | server-2 - HIGH RAM USAGE: 86.8%
2026-05-28 17:50:22,523 | ERROR | system | Email notification failed: [WinError 10060] A connection attempt failed because the connected party did not properly respond after a period of time, or established connection failed because connected host has failed to respond
2026-05-28 17:50:22,523 | WARNING | system | server-3 - HIGH RAM USAGE: 85.8%
2026-05-28 17:50:22,924 | INFO | system | Metrics endpoint called
2026-05-28 17:50:23,724 | WARNING | system | server-1 - HIGH RAM USAGE: 89.6%
2026-05-28 17:50:24,148 | WARNING | system | server-2 - HIGH RAM USAGE: 85.2%
2026-05-28 17:50:24,661 | WARNING | system | server-3 - HIGH RAM USAGE: 87.7%
2026-05-28 17:50:25,817 | WARNING | system | server-1 - HIGH RAM USAGE: 86.3%
2026-05-28 17:50:26,048 | WARNING | system | server-2 - HIGH RAM USAGE: 89.4%
2026-05-28 17:50:27,168 | WARNING | system | server-1 - HIGH RAM USAGE: 85.9%
2026-05-28 17:50:27,181 | WARNING | system | server-3 - HIGH RAM USAGE: 85.5%
2026-05-28 17:50:33,743 | ERROR | system | Email notification failed: [WinError 10060] A connection attempt failed because the connected party did not properly respond after a period of time, or established connection failed because connected host has failed to respond
2026-05-28 17:50:33,767 | INFO | system | Metrics endpoint called
2026-05-28 17:50:36,168 | WARNING | system | server-1 - HIGH RAM USAGE: 88.3%
2026-05-28 17:50:36,182 | WARNING | system | server-3 - HIGH RAM USAGE: 87.7%
2026-05-28 17:50:36,976 | ERROR | system | Email notification failed: [WinError 10060] A connection attempt failed because the connected party did not properly respond after a period of time, or established connection failed because connected host has failed to respond
2026-05-28 17:50:36,985 | INFO | system | Metrics endpoint called
2026-05-28 17:50:39,209 | WARNING | system | server-1 - HIGH RAM USAGE: 85.6%
2026-05-28 17:50:39,223 | WARNING | system | server-2 - HIGH RAM USAGE: 88.3%
2026-05-28 17:50:39,237 | WARNING | system | server-3 - HIGH RAM USAGE: 85.2%
2026-05-28 17:50:45,480 | ERROR | system | Email notification failed: [WinError 10060] A connection attempt failed because the connected party did not properly respond after a period of time, or established connection failed because connected host has failed to respond
2026-05-28 17:50:45,489 | INFO | system | Metrics endpoint called
2026-05-28 17:50:46,945 | ERROR | system | Email notification failed: [WinError 10060] A connection attempt failed because the connected party did not properly respond after a period of time, or established connection failed because connected host has failed to respond
2026-05-28 17:50:47,387 | INFO | system | Metrics endpoint called
2026-05-28 17:50:48,073 | ERROR | system | Email notification failed: [WinError 10060] A connection attempt failed because the connected party did not properly respond after a period of time, or established connection failed because connected host has failed to respond
2026-05-28 17:50:48,202 | WARNING | system | server-1 - HIGH RAM USAGE: 87.4%
2026-05-28 17:50:48,337 | ERROR | system | Email notification failed: [WinError 10060] A connection attempt failed because the connected party did not properly respond after a period of time, or established connection failed because connected host has failed to respond
2026-05-28 17:50:48,353 | INFO | system | Metrics endpoint called
2026-05-28 17:50:48,412 | WARNING | system | server-2 - HIGH RAM USAGE: 89.3%
2026-05-28 17:50:48,953 | INFO | system | Metrics endpoint called
2026-05-28 17:50:53,041 | WARNING | system | server-1 - HIGH RAM USAGE: 89.9%
2026-05-28 17:50:53,429 | WARNING | system | server-2 - HIGH RAM USAGE: 86.9%
2026-05-28 17:50:53,967 | WARNING | system | server-3 - HIGH RAM USAGE: 89.9%
2026-05-28 17:50:54,632 | WARNING | system | server-2 - HIGH RAM USAGE: 89.3%
2026-05-28 17:50:54,823 | WARNING | system | server-3 - HIGH RAM USAGE: 89.0%
2026-05-28 17:50:54,907 | WARNING | system | server-1 - HIGH RAM USAGE: 85.7%
2026-05-28 17:50:54,918 | WARNING | system | server-2 - HIGH RAM USAGE: 86.2%
2026-05-28 17:50:54,929 | WARNING | system | server-3 - HIGH RAM USAGE: 87.1%
2026-05-28 17:50:57,327 | ERROR | system | Email notification failed: [WinError 10060] A connection attempt failed because the connected party did not properly respond after a period of time, or established connection failed because connected host has failed to respond
2026-05-28 17:50:57,336 | INFO | system | Metrics endpoint called
2026-05-28 17:50:59,607 | WARNING | system | server-1 - HIGH RAM USAGE: 89.6%
2026-05-28 17:50:59,622 | WARNING | system | server-2 - HIGH RAM USAGE: 86.1%
2026-05-28 17:50:59,634 | WARNING | system | server-3 - HIGH RAM USAGE: 88.7%
2026-05-28 17:51:00,394 | ERROR | system | Email notification failed: [WinError 10060] A connection attempt failed because the connected party did not properly respond after a period of time, or established connection failed because connected host has failed to respond
2026-05-28 17:51:00,400 | INFO | system | Metrics endpoint called
2026-05-28 17:51:02,652 | WARNING | system | server-1 - HIGH RAM USAGE: 88.3%
2026-05-28 17:51:02,668 | WARNING | system | server-2 - HIGH RAM USAGE: 86.7%
2026-05-28 17:51:02,679 | WARNING | system | server-3 - HIGH CPU USAGE: 96.2%
2026-05-28 17:51:02,692 | WARNING | system | server-3 - HIGH RAM USAGE: 87.8%
2026-05-28 17:51:11,052 | ERROR | system | Email notification failed: [WinError 10060] A connection attempt failed because the connected party did not properly respond after a period of time, or established connection failed because connected host has failed to respond
2026-05-28 17:51:11,069 | INFO | system | Metrics endpoint called
2026-05-28 17:51:13,308 | WARNING | system | server-1 - HIGH RAM USAGE: 89.9%
2026-05-28 17:51:13,320 | WARNING | system | server-2 - HIGH RAM USAGE: 88.6%
2026-05-28 17:51:16,000 | ERROR | system | Email notification failed: [WinError 10060] A connection attempt failed because the connected party did not properly respond after a period of time, or established connection failed because connected host has failed to respond
2026-05-28 17:51:16,008 | INFO | system | Metrics endpoint called
2026-05-28 17:51:16,127 | ERROR | system | Email notification failed: [WinError 10060] A connection attempt failed because the connected party did not properly respond after a period of time, or established connection failed because connected host has failed to respond
2026-05-28 17:51:16,147 | ERROR | system | Email notification failed: [WinError 10060] A connection attempt failed because the connected party did not properly respond after a period of time, or established connection failed because connected host has failed to respond
2026-05-28 17:51:16,488 | INFO | system | Metrics endpoint called
2026-05-28 17:51:16,701 | INFO | system | Metrics endpoint called
2026-05-28 17:51:20,908 | ERROR | system | Email notification failed: [WinError 10060] A connection attempt failed because the connected party did not properly respond after a period of time, or established connection failed because connected host has failed to respond
2026-05-28 17:51:21,555 | INFO | system | Metrics endpoint called
2026-05-28 17:51:22,072 | WARNING | system | server-1 - HIGH RAM USAGE: 87.9%
2026-05-28 17:51:22,521 | WARNING | system | server-2 - HIGH RAM USAGE: 87.7%
2026-05-28 17:51:23,053 | WARNING | system | server-3 - HIGH RAM USAGE: 86.6%
2026-05-28 17:51:23,635 | WARNING | system | server-1 - HIGH RAM USAGE: 88.4%
2026-05-28 17:51:23,668 | WARNING | system | server-2 - HIGH RAM USAGE: 87.4%
2026-05-28 17:51:23,853 | WARNING | system | server-2 - HIGH RAM USAGE: 88.2%
2026-05-28 17:51:23,867 | ERROR | system | Email notification failed: [WinError 10060] A connection attempt failed because the connected party did not properly respond after a period of time, or established connection failed because connected host has failed to respond
2026-05-28 17:51:23,999 | WARNING | system | server-3 - HIGH RAM USAGE: 89.7%
2026-05-28 17:51:24,167 | WARNING | system | server-3 - HIGH RAM USAGE: 89.4%
2026-05-28 17:51:24,629 | INFO | system | Metrics endpoint called
2026-05-28 17:51:26,288 | WARNING | system | server-1 - HIGH RAM USAGE: 85.7%
2026-05-28 17:51:26,567 | WARNING | system | server-2 - HIGH RAM USAGE: 86.7%
2026-05-28 17:51:26,752 | WARNING | system | server-3 - HIGH RAM USAGE: 90.0%
2026-05-28 17:51:28,071 | WARNING | system | server-1 - HIGH RAM USAGE: 85.3%
2026-05-28 17:51:28,086 | WARNING | system | server-2 - HIGH RAM USAGE: 86.1%
2026-05-28 17:51:28,098 | WARNING | system | server-3 - HIGH RAM USAGE: 85.3%
2026-05-28 17:51:34,506 | ERROR | system | Email notification failed: [WinError 10060] A connection attempt failed because the connected party did not properly respond after a period of time, or established connection failed because connected host has failed to respond
2026-05-28 17:51:34,516 | INFO | system | Metrics endpoint called
2026-05-28 17:51:36,867 | WARNING | system | server-1 - HIGH RAM USAGE: 90.4%
2026-05-28 17:51:36,880 | WARNING | system | server-2 - HIGH RAM USAGE: 88.0%
2026-05-28 17:51:36,893 | WARNING | system | server-3 - HIGH RAM USAGE: 88.3%
2026-05-28 17:51:45,323 | ERROR | system | Email notification failed: [WinError 10060] A connection attempt failed because the connected party did not properly respond after a period of time, or established connection failed because connected host has failed to respond
2026-05-28 17:51:45,341 | INFO | system | Metrics endpoint called
2026-05-28 17:51:46,061 | ERROR | system | Email notification failed: [WinError 10060] A connection attempt failed because the connected party did not properly respond after a period of time, or established connection failed because connected host has failed to respond
2026-05-28 17:51:46,182 | ERROR | system | Email notification failed: [WinError 10060] A connection attempt failed because the connected party did not properly respond after a period of time, or established connection failed because connected host has failed to respond
2026-05-28 17:51:47,803 | WARNING | system | server-1 - HIGH CPU USAGE: 98.3%
2026-05-28 17:51:47,811 | WARNING | system | server-1 - HIGH RAM USAGE: 88.8%
2026-05-28 17:51:47,823 | WARNING | system | server-2 - HIGH RAM USAGE: 90.6%
2026-05-28 17:51:47,838 | WARNING | system | server-3 - HIGH RAM USAGE: 89.5%
2026-05-28 17:51:48,515 | ERROR | system | Email notification failed: [WinError 10060] A connection attempt failed because the connected party did not properly respond after a period of time, or established connection failed because connected host has failed to respond
2026-05-28 17:51:49,277 | ERROR | system | Email notification failed: [WinError 10060] A connection attempt failed because the connected party did not properly respond after a period of time, or established connection failed because connected host has failed to respond
2026-05-28 17:51:58,176 | ERROR | system | Email notification failed: [WinError 10060] A connection attempt failed because the connected party did not properly respond after a period of time, or established connection failed because connected host has failed to respond
2026-05-28 17:52:02,233 | INFO | system | Metrics endpoint called
2026-05-28 17:52:04,734 | WARNING | system | server-1 - HIGH RAM USAGE: 88.6%
2026-05-28 17:52:04,750 | WARNING | system | server-3 - HIGH RAM USAGE: 86.7%
2026-05-28 17:52:08,983 | ERROR | system | Email notification failed: [WinError 10060] A connection attempt failed because the connected party did not properly respond after a period of time, or established connection failed because connected host has failed to respond
2026-05-28 17:52:25,928 | ERROR | system | Email notification failed: [WinError 10060] A connection attempt failed because the connected party did not properly respond after a period of time, or established connection failed because connected host has failed to respond
2026-05-28 17:52:42,248 | INFO | system | Metrics endpoint called
2026-05-28 17:52:44,696 | WARNING | system | server-1 - HIGH CPU USAGE: 91.2%
2026-05-28 17:52:44,707 | WARNING | system | server-1 - HIGH RAM USAGE: 87.8%
2026-05-28 17:52:44,719 | WARNING | system | server-2 - HIGH RAM USAGE: 85.4%
2026-05-28 17:52:44,731 | WARNING | system | server-3 - HIGH RAM USAGE: 89.2%
2026-05-28 17:53:05,900 | ERROR | system | Email notification failed: [WinError 10060] A connection attempt failed because the connected party did not properly respond after a period of time, or established connection failed because connected host has failed to respond
2026-05-28 17:53:42,252 | INFO | system | Metrics endpoint called
2026-05-28 17:53:44,666 | WARNING | system | server-2 - HIGH RAM USAGE: 88.4%
2026-05-28 17:53:44,679 | WARNING | system | server-3 - HIGH RAM USAGE: 85.6%
2026-05-28 17:54:05,837 | ERROR | system | Email notification failed: [WinError 10060] A connection attempt failed because the connected party did not properly respond after a period of time, or established connection failed because connected host has failed to respond
2026-05-28 17:54:42,232 | INFO | system | Metrics endpoint called
2026-05-28 17:54:44,646 | WARNING | system | server-2 - HIGH CPU USAGE: 100.0%
2026-05-28 17:55:05,908 | ERROR | system | Email notification failed: [WinError 10060] A connection attempt failed because the connected party did not properly respond after a period of time, or established connection failed because connected host has failed to respond
2026-05-28 17:55:42,282 | INFO | system | Metrics endpoint called
2026-05-28 17:56:42,238 | INFO | system | Metrics endpoint called
2026-05-28 17:57:42,205 | INFO | system | Metrics endpoint called
2026-05-28 17:58:42,272 | INFO | system | Metrics endpoint called
2026-05-28 17:58:44,792 | WARNING | system | server-3 - HIGH CPU USAGE: 99.1%
2026-05-28 17:59:05,982 | ERROR | system | Email notification failed: [WinError 10060] A connection attempt failed because the connected party did not properly respond after a period of time, or established connection failed because connected host has failed to respond
2026-05-28 17:59:42,244 | INFO | system | Metrics endpoint called
2026-05-28 17:59:44,858 | WARNING | system | server-3 - HIGH CPU USAGE: 100.0%
2026-05-28 18:00:06,061 | ERROR | system | Email notification failed: [WinError 10060] A connection attempt failed because the connected party did not properly respond after a period of time, or established connection failed because connected host has failed to respond
2026-05-28 18:00:42,268 | INFO | system | Metrics endpoint called
2026-05-28 18:01:42,240 | INFO | system | Metrics endpoint called
2026-05-28 18:01:44,853 | WARNING | system | server-2 - HIGH RAM USAGE: 87.2%
2026-05-28 18:01:44,875 | WARNING | system | server-3 - HIGH RAM USAGE: 86.6%
2026-05-28 18:02:06,047 | ERROR | system | Email notification failed: [WinError 10060] A connection attempt failed because the connected party did not properly respond after a period of time, or established connection failed because connected host has failed to respond
2026-05-28 18:48:14,027 | INFO | system | Smart Monitor Platform initialized
2026-05-28 18:48:14,032 | INFO | system | Flask server starting
2026-05-28 18:48:36,580 | INFO | system | Metrics endpoint called
2026-05-28 18:48:39,233 | WARNING | system | server-1 - HIGH RAM USAGE: 89.1%
2026-05-28 18:48:39,246 | WARNING | system | server-2 - HIGH RAM USAGE: 91.3%
2026-05-28 18:48:39,257 | WARNING | system | server-3 - HIGH RAM USAGE: 94.3%
2026-05-28 18:48:40,171 | INFO | system | Metrics endpoint called
2026-05-28 18:48:40,583 | INFO | system | Metrics endpoint called
2026-05-28 18:48:44,329 | WARNING | system | server-1 - HIGH RAM USAGE: 93.0%
2026-05-28 18:48:44,520 | WARNING | system | server-2 - HIGH RAM USAGE: 90.8%
2026-05-28 18:48:44,713 | WARNING | system | server-3 - HIGH RAM USAGE: 92.1%
2026-05-28 18:48:45,028 | WARNING | system | server-1 - HIGH RAM USAGE: 94.5%
2026-05-28 18:48:45,041 | WARNING | system | server-2 - HIGH RAM USAGE: 90.0%
2026-05-28 18:48:45,054 | WARNING | system | server-3 - HIGH RAM USAGE: 92.2%
2026-05-28 18:49:00,521 | ERROR | system | Email notification failed: [WinError 10060] A connection attempt failed because the connected party did not properly respond after a period of time, or established connection failed because connected host has failed to respond
2026-05-28 18:49:02,413 | INFO | system | Metrics endpoint called
2026-05-28 18:49:04,488 | INFO | system | Metrics endpoint called
2026-05-28 18:49:04,815 | WARNING | system | server-1 - HIGH RAM USAGE: 94.7%
2026-05-28 18:49:05,064 | WARNING | system | server-2 - HIGH RAM USAGE: 89.8%
2026-05-28 18:49:05,222 | WARNING | system | server-3 - HIGH RAM USAGE: 93.9%
2026-05-28 18:49:06,223 | ERROR | system | Email notification failed: [WinError 10060] A connection attempt failed because the connected party did not properly respond after a period of time, or established connection failed because connected host has failed to respond
2026-05-28 18:49:06,225 | ERROR | system | Email notification failed: [WinError 10060] A connection attempt failed because the connected party did not properly respond after a period of time, or established connection failed because connected host has failed to respond
2026-05-28 18:49:06,434 | INFO | system | Metrics endpoint called
2026-05-28 18:49:07,660 | WARNING | system | server-1 - HIGH RAM USAGE: 93.2%
2026-05-28 18:49:07,933 | WARNING | system | server-2 - HIGH RAM USAGE: 90.5%
2026-05-28 18:49:08,159 | WARNING | system | server-3 - HIGH RAM USAGE: 90.1%
2026-05-28 18:49:08,486 | INFO | system | Metrics endpoint called
2026-05-28 18:49:10,211 | WARNING | system | server-1 - HIGH RAM USAGE: 89.8%
2026-05-28 18:49:10,609 | WARNING | system | server-2 - HIGH RAM USAGE: 91.6%
2026-05-28 18:49:10,611 | INFO | system | Metrics endpoint called
2026-05-28 18:49:10,868 | WARNING | system | server-3 - HIGH RAM USAGE: 91.2%
2026-05-28 18:49:12,465 | INFO | system | Metrics endpoint called
2026-05-28 18:49:12,915 | WARNING | system | server-1 - HIGH RAM USAGE: 94.4%
2026-05-28 18:49:13,249 | WARNING | system | server-2 - HIGH RAM USAGE: 92.2%
2026-05-28 18:49:13,717 | WARNING | system | server-3 - HIGH RAM USAGE: 94.1%
2026-05-28 18:49:15,826 | WARNING | system | server-1 - HIGH RAM USAGE: 91.7%
2026-05-28 18:49:16,030 | WARNING | system | server-2 - HIGH RAM USAGE: 92.5%
2026-05-28 18:49:16,211 | WARNING | system | server-3 - HIGH RAM USAGE: 94.1%
2026-05-28 18:49:16,700 | WARNING | system | server-1 - HIGH RAM USAGE: 89.9%
2026-05-28 18:49:16,714 | WARNING | system | server-2 - HIGH RAM USAGE: 93.2%
2026-05-28 18:49:16,724 | WARNING | system | server-3 - HIGH RAM USAGE: 89.4%
2026-05-28 18:49:27,111 | ERROR | system | Email notification failed: [WinError 10060] A connection attempt failed because the connected party did not properly respond after a period of time, or established connection failed because connected host has failed to respond
2026-05-28 18:49:27,121 | INFO | system | Metrics endpoint called
2026-05-28 18:49:29,464 | WARNING | system | server-1 - HIGH RAM USAGE: 88.8%
2026-05-28 18:49:29,480 | WARNING | system | server-2 - HIGH RAM USAGE: 90.9%
2026-05-28 18:49:29,490 | WARNING | system | server-3 - HIGH RAM USAGE: 89.0%
2026-05-28 18:49:29,831 | ERROR | system | Email notification failed: [WinError 10060] A connection attempt failed because the connected party did not properly respond after a period of time, or established connection failed because connected host has failed to respond
2026-05-28 18:49:29,854 | INFO | system | Metrics endpoint called
2026-05-28 18:49:32,262 | WARNING | system | server-1 - HIGH RAM USAGE: 93.5%
2026-05-28 18:49:32,273 | WARNING | system | server-2 - HIGH RAM USAGE: 92.3%
2026-05-28 18:49:32,285 | WARNING | system | server-3 - HIGH RAM USAGE: 93.8%
2026-05-28 18:49:32,939 | ERROR | system | Email notification failed: [WinError 10060] A connection attempt failed because the connected party did not properly respond after a period of time, or established connection failed because connected host has failed to respond
2026-05-28 18:49:32,948 | INFO | system | Metrics endpoint called
